,Species,Name,ExonIDCluster,TranscriptIDCluster,TranscriptID,Source,ExperimentSource,Biotype,Version,TSL,GeneID,ProteinID,Strand,ExonID,ExonRegionStart,ExonRegionEnd,ExonRank,cDNA_CodingStart,cDNA_CodingEnd,GenomicCodingStart,GenomicCodingEnd,StartPhase,EndPhase,ExonSequence,ExonProteinSequence,IncompleteCDS
561,danio_rerio,taf6-201,ENSDARE00001218598,ENSDART00000161751,ENSDART00000161751,ensembl,ensembl_danio_rerio,protein_coding,3.0,,ENSDARG00000102998,ENSDARP00000134854,1,ENSDARE00001218598,53639293,53639456,2,840,995,53639301,53639456,-1,0,AGTGAGAAATGGCAGAGGAACGCAGACAGAAGCTGTGTTCTGTGATCCTGCCCACTGATTCCATGAAGGCAATGGCTGAGTCGGTGGGTATAGGCTCACTGCAGGAAGACAGCTGTCTGACCCTCAGTGAAGAAGTTAGCTACAGGATCAAAGAGATTGCACAG,MAEERRQKLCSVILPTDSMKAMAESVGIGSLQEDSCLTLSEEVSYRIKEIAQ,False
562,danio_rerio,taf6-201,ENSDARE00001158735,ENSDART00000161751,ENSDART00000161751,ensembl,ensembl_danio_rerio,protein_coding,3.0,,ENSDARG00000102998,ENSDARP00000134854,1,ENSDARE00001158735,53691803,53691889,3,996,1082,53691803,53691889,0,0,GATGCATTGAAGTTTATGCACCATGGGAAAAGATGCAAACTTACAACTGGTGACATTGATCATGCCCTTAAACTGAAAAATGTGGAG,DALKFMHHGKRCKLTTGDIDHALKLKNVE,False
563,danio_rerio,taf6-201,ENSDARE00001158181,ENSDART00000161751,ENSDART00000161751,ensembl,ensembl_danio_rerio,protein_coding,3.0,,ENSDARG00000102998,ENSDARP00000134854,1,ENSDARE00001158181,53692014,53692167,4,1083,1236,53692014,53692167,0,1,CCACTGTATGGATTCCAGTCCGAGGAGTTCATCCCATTTCGCTTTGCAAGTGGAGGTGGCAGAGAATTGCACTTTTATGAAGAAAAAGAAGTGGATCTTAGTGACATCATTAATACACCCTTGCCTCGTGTACCTTTAGACGTTTCACTAAAAG,PLYGFQSEEFIPFRFASGGGRELHFYEEKEVDLSDIINTPLPRVPLDVSLK,False
564,danio_rerio,taf6-201,ENSDARE00001155274,ENSDART00000161751,ENSDART00000161751,ensembl,ensembl_danio_rerio,protein_coding,3.0,,ENSDARG00000102998,ENSDARP00000134854,1,ENSDARE00001155274,53700584,53700640,5,1237,1293,53700584,53700640,1,1,CTCACTGGCTAAGTATAGATGGTGTCCAGCCTGCAATTCCAGAGAACCCACCTTCTG,AHWLSIDGVQPAIPENPPS,False
565,danio_rerio,taf6-201,ENSDARE00001213381,ENSDART00000161751,ENSDART00000161751,ensembl,ensembl_danio_rerio,protein_coding,3.0,,ENSDARG00000102998,ENSDARP00000134854,1,ENSDARE00001213381,53727771,53727890,6,1294,1413,53727771,53727890,1,1,CTTCTAAAGAGCAGCAGAAGGCAGAGTCTACTGAGCCGCTTAAAGCTGTCAAACCTGGACAGGAAGACGAAGGCTTTATTCAAGCCAAGGGTCAGAGTGCAGTTTCTGCTGAAGTCAAAG,ASKEQQKAESTEPLKAVKPGQEDEGFIQAKGQSAVSAEVK,False
566,danio_rerio,taf6-201,ENSDARE00001187616,ENSDART00000161751,ENSDART00000161751,ensembl,ensembl_danio_rerio,protein_coding,3.0,,ENSDARG00000102998,ENSDARP00000134854,1,ENSDARE00001187616,53733071,53733186,7,1414,1529,53733071,53733186,1,0,GAAAGGAAAAGATGCGGATGAAACCACGTAGCACACATGAGCTCTCTGTGGAGCAGCAGTTGTACTATAAAGAAATTACTGAAGCCTGTGTGGGATCCTGTGAAGCCAAAAGAGCG,GKEKMRMKPRSTHELSVEQQLYYKEITEACVGSCEAKRA,False
567,danio_rerio,taf6-201,ENSDARE00001224549,ENSDART00000161751,ENSDART00000161751,ensembl,ensembl_danio_rerio,protein_coding,3.0,,ENSDARG00000102998,ENSDARP00000134854,1,ENSDARE00001224549,53734491,53734568,8,1530,1607,53734491,53734568,0,0,GAGGCACTGCAGAGCATAGCCACCGACCCAGGGCTGTACCAAATGCTGCCAAGGTTCAGTACCTTCATCTCGGAGGGT,EALQSIATDPGLYQMLPRFSTFISEG,False
568,danio_rerio,taf6-201,ENSDARE00001196294,ENSDART00000161751,ENSDART00000161751,ensembl,ensembl_danio_rerio,protein_coding,3.0,,ENSDARG00000102998,ENSDARP00000134854,1,ENSDARE00001196294,53747810,53747911,9,1608,1709,53747810,53747911,0,0,GTGCGTGTAAATGTTGTTCAGAATAACTTGGCTTTGCTGATATATTTGATGAGGATGGTGAAGGCTCTAATGGACAATCCAACTCTATATTTGGAGAAATAT,VRVNVVQNNLALLIYLMRMVKALMDNPTLYLEKY,False
569,danio_rerio,taf6-201,ENSDARE00001201280,ENSDART00000161751,ENSDART00000161751,ensembl,ensembl_danio_rerio,protein_coding,3.0,,ENSDARG00000102998,ENSDARP00000134854,1,ENSDARE00001201280,53748143,53748325,10,1710,1892,53748143,53748325,0,0,CTCCATGAGTTGATCCCCGCGGTGGTGACATGTATTGTGAGTAAGCAACTGTGTTTGAGGCCTGATGTAGACAATCACTGGGCTCTGCGAGACTTTGCTGCCCGGTTAATGGCTCAGAGCTGCAAAACATTCAGCACCACAACCAACAACATCCAGTCGCGTATCACCAAAACCTTTACTAAG,LHELIPAVVTCIVSKQLCLRPDVDNHWALRDFAARLMAQSCKTFSTTTNNIQSRITKTFTK,False
570,danio_rerio,taf6-201,ENSDARE00001158114,ENSDART00000161751,ENSDART00000161751,ensembl,ensembl_danio_rerio,protein_coding,3.0,,ENSDARG00000102998,ENSDARP00000134854,1,ENSDARE00001158114,53751870,53751944,11,1893,1967,53751870,53751944,0,0,GCATTGTTGGATGAAAAGACTCAGTGGACAACTCGTTATGGCTGCATTGCTGGACTTGCTGAACTTGGGCATGAT,ALLDEKTQWTTRYGCIAGLAELGHD,False
571,danio_rerio,taf6-201,ENSDARE00001186273,ENSDART00000161751,ENSDART00000161751,ensembl,ensembl_danio_rerio,protein_coding,3.0,,ENSDARG00000102998,ENSDARP00000134854,1,ENSDARE00001186273,53757419,53757544,12,1968,2093,53757419,53757544,0,0,GTGATAAAGACTTTGATCATCCCCCGACTGTTTGTAGAGGGTGCCCGTATTAAAGCAGTGATGGATGGGCCAGTGGTATCCAATATTGATAAGATTGGAGCTGATCATGTCCAGAGTCTATTACTG,VIKTLIIPRLFVEGARIKAVMDGPVVSNIDKIGADHVQSLLL,False
572,danio_rerio,taf6-201,ENSDARE00001186589,ENSDART00000161751,ENSDART00000161751,ensembl,ensembl_danio_rerio,protein_coding,3.0,,ENSDARG00000102998,ENSDARP00000134854,1,ENSDARE00001186589,53759127,53759300,13,2094,2267,53759127,53759300,0,0,AAACATTGTGCAAGTGTGGTTGCTAAAACTAGGCCGGTCCCAGATCTGGTGGAGCAATACAAAGCAGATTATGGTTATCTGGGCACTATGCTATGTTCACATGTGGTGAAGGCCCGTGCACAGGCTGCCTTTCAGGCCCAAACTGTTAACAGAACCACACTTACTATCACACAG,KHCASVVAKTRPVPDLVEQYKADYGYLGTMLCSHVVKARAQAAFQAQTVNRTTLTITQ,False
573,danio_rerio,taf6-201,ENSDARE00001151681,ENSDART00000161751,ENSDART00000161751,ensembl,ensembl_danio_rerio,protein_coding,3.0,,ENSDARG00000102998,ENSDARP00000134854,1,ENSDARE00001151681,53759384,53759575,14,2268,2459,53759384,53759575,0,0,CCACGTCCGACTTTGACAATGTCTCAGAGTGGATTGTCAACATCAGGTGTTTCACGTACACCCAGCATAATTAAAGTACCCAGTTCACTTACCCTCATGTCTACTCGACCTGGAACACCCACTCAGCCATCACCCCCAGCAACAAAGTATATTGTTATGGCAACAAGTGCAGGGGCTGCATCCACACAGCAG,PRPTLTMSQSGLSTSGVSRTPSIIKVPSSLTLMSTRPGTPTQPSPPATKYIVMATSAGAASTQQ,False
574,danio_rerio,taf6-201,ENSDARE00001218851/ENSDARE00001222789,ENSDART00000161751,ENSDART00000161751,ensembl,ensembl_danio_rerio,protein_coding,3.0,,ENSDARG00000102998,ENSDARP00000134854,1,ENSDARE00001218851,53760948,53765478,15,2460,2750,53760948,53761238,0,-1,GTAATCACTCTCAGCTCCTCTCAGTCTGGATCCCCTGTCACAAGTACAGTCCCCAGCACACCAACAAGTCTACAGCCACTCGTCAAACTGGAGTCTGGAAATCCAGGTGCTGTGGGCAGCTCACGCCCAATCCAGAAATATATTGTGGTGTCTTTGCCTTCATCCTCTTCATCAATGGATAATAAGGGCTCAGGTGTCCTTTCCTCTTCTACCTCACCTATCAGCATGGAGTCTGCAGTCAAGCTGGAATGTTCAGAATCACCAGCCACAAGCACACAATTGCCACATTGACACTCTCACTCTTGCTTACGCCATCAGGGTATAGATCAACAATAAATGTAACTTGATGCTTATCAAAGTGCTTTAAAACAAACATACACACAGATACACAAATACATGTCACAGACACACAATACAGTTGTGGCTGCAAGCACATCGAGGCTGTAACAATGACATCTATACATACAAACATGTTAAGGAACCTTTATTGTGATTTGAGATGAAAGCACAAGACTTGGTTCTGCCTTTGAGCTCCTAGCTTTAGCTGTAGTTTAGCTGTATTTCATGTACATGAGGATATATATGCAGATAACAGGAGAAAGAATGATAAATGTGGATTCTCTGGGTAGGAATTAATGGGTCCACCATTAATACAATGTTTTTTATAGTTGGGCATTTGTTGGGTTTAACAATTTAATTGATTTACAGTTTCAAGTTTATTATTATCTTCTATAATAAAGTTGGTTTTTAAGGTGTGATTTACATTTCTTAATTTGTAATACTTAATGTTATAATGTTTTTTGTAGAAATCAGTGTTTTTTTTTTGTTTTCATGTCAAACGTTTTGTTATATCAGTTCAATTTCTTTTCTCAAGATAAAACTTAAGATATTAAGTATAATAGTACACTGAAGGTATTAGCAATTATTAAGTAATCCATTCTTAAATACAGTTTTGTATAATTGTGAGGAAAAATGTCAATAAAAAGGCATGGAACAACATTCATTCATTCATTTTCTTGTCTGCTTAGTCCCTTTATTAATCCGGGGTCGCGACAGTGGAATGAACCGCCAACTTATCCATCAAGTTTTTACACAGGGGATGCTCTTTCAGCCGCAACCCATCTCTGGGAAACATCCTCACACATAATCACACACAAACTCATACACTATGGACAATTTAGCCTACCCAATTCACCTGTACCGCATGTCTTTGGACTGTGGGGGAAACCGGAGCACCCGATGGAAACCCACGCGAATGCAGGGAGAACATGCAAACTCCAAACAGAAACACCAACTGACCCCAGACTCGAACCAGCGACCATCTGGCTATGAGGCAACAGCACTACCTACTGCGCCACTGCAGTCTGGGTAACAAATGTGGATTCACTAAACCTCAAACATACCTTATACTGTAGTGCTTAAGGTTTCCATTGGGGATCTTTTTGGACATGAAGGTCTCGTGTGAACTATGTTTTTTTTTTTTTTTTTTTTAACAAATGTCATATGTTGGTCTTGAAAAAAAATCTATACATTTTTAACAATAATAATTTTAAATAATAAGTTTTAGAATTCCCCATACTTATCCAATGGGACAAATTATTATGGAGTTGGATTTAAAGAGTACTTAAGTGTTTTATTTATTTATTTATTCATTCATTATTATTATTTTTTTTTTTTTGCCAAGTCCTCTTTTTGTGTTTTTATGAAAGAAAAGTATTTTGCAAAATTTTTACTTTATGAGTGTTTATGTAAAATTATGCTTATTTTATGTTACAGGTAATTTTTATGTTACAGTTTCTCAGCAAAAATATCCCTGCAGTCAGTTCAGACCAACCAAAACCTACAAATATGGATTCTTTGGTGACATCTAGTGGCTGATGATGGCATAAAGTATAAAAATATCCAGTATTTCTCTACATGCATTACTCTGCTTTGGAATTTTTTTTTTTTAGTGCAGTTGACTTTTTTTGTGCAGTTAAGTATATCTTTACATAGGTAGGGTTACAGACAAATTATAGGTGAGCTGTCTCTACTGCCATGTACTGTACATACATTCTGAATAGCCACATTCATCTTTGGGTGTCACCGGTTTAAGATGATATTACAATCATAACTTTTTAACATTTTGTTTCGTTATTGTGTAGACACGTGGAGTTTCACTTGTGTGAGCAAGTATGTGGAGAAAGAGCTGTTGAGATTAAGGTTGAATCTTTTACGTGTGAGATGTGCTTGCCAATTTTCATGTCCTGTTTACATCAACAAACATTTATAACAGAGCGCTAGATGCCCCATAAGCCGGTGGATAGTTCATCACAGGGTTTTTGTGGGGTCTTAAAAAGTCAAAAAAAAAAAAAATCACATCTATAACTTGCTTTTCTTGGTCTTAAATATTTTTGTACAGGTCTCATTTTTTCGATGTTCATGTAACTACCTCTAATGCTCATTTATATTAAGTGGAGGAACTATGAAGTCACCTTGTAGACTAAAACTGGTTCCCTCATAGGCTTTTTGAATATTTTAAATAATAAGCTCTGTTAAAGCACAGTTCATTATACTTTTTTTTTTTTTTAAGATTTATTTTTGGCCTTTTTGCCTTTATTAGATAGGACAGTTTTTAAACAGGAAGCGAAGCTGGAGAGAAAGAGGGGTAGGGAAATGTCCTCGAGCCGGGATTGGAACTCAAGACACCTTGAAGTGCTACTGTACCATATGTTGACACGCTAACCTCTATTCCATTGCACCGACTAGTAGGGGTGGGCGATATGTAAAAAATATCATATCCTGATTTGTTCTGGGGAAATCACGATTTTTATCCCAATTTTTTTTTTAAGTTGGTTTTTTAAGAATATTTTGCAAATTACAAAGGTACAATACAACCAAACTAATGTCCCCAAATAAAAAATATACTCTTAGCATGTATGTATAAGAATATGTTAATCAAGTGAAGATTTAATGCAAGTGCTATTCTGCAAAGAAAGAACATTCAACAAGACTTGCATTACAATTACTGTACCATCAAAATGAACATTTGTTTAACAAATTTAACAAATCTTAGTTTAACAAGTTTAACAAATCAGCTTATTAGACATAGATCCTCAGCAACACCTTCAAAAATGTAAATGACTTAGTTTTTAAGTTAAGTTAAATAAAGTTTAAATAAAAATATAACTGTCAATGTAAGTGCACAGACTTTAGCATAACTCCCAAAATAAACATTGGCTTAGAAAAGAAAAATAAACATACAAACAGTAAACTACCTTTTGTACTCTGTTAAGTACCATAGATTTTTGTGCAACATGTTTCAGAACCAAAAAAATAAAATAAAGATACAAAAATATTTCCTGACCTCATTCCTGAGTCTTGTAAACTTAGCAGCTTTGGAACATATACATTTCTAAAGATGTCAAAGTATGACAAATCACAGTCACAAATTCTTAGAAAGGAAGACCAGCTGATTCACTTTCTCCGGCTTAAGAGATGCCCTTTGGCAGGTGATGATATTGCCACCAGTACTGAAAGCCCTTTCTGAGGGAGCACTTGTGGCTGGAATGCAGAGATACTTTCTAGCAAGCTGGCTAATTCTTGGAAAGTTTGCCAAATGGACTTTCCACCATGCCAGCGGATCCACCTCACTTTCTGCATTTGGCGTGGACAAGTATCCCTACAGTTCTCCTTCTATTGCCTCTTTCACAGATGAGGAAACTGATGTGGTTGCAGATGCACTTGCAACACCTAAGGCTTTTAAAAAGCTGGAAAGTGTTTTCTTTGCTTTCTTGGGTGGTGTCTGATCCTCATCAAGGATTTGTGATGTAAAGGCTGAGGTACTAGATGTAGGCTGCTGATCTGAGTTTGGATACTGTATGTGTATGGTCACCAAAGACTACAGCTTAGCAACAGCTCTGGTTTGTATCCCCTTTACCTTTTCTTTGGCAATGAATTGTGTTTTGAATCTGGGATAGAAAAGCGAAGCCATATCCAGCAGGTCATCAGTGGTGGGGTCCTGATATTTGTCAGTGAGGTAATTCAGAATGGTTGTCTTCATTGTTTTTGTTAGTTCAGTGTCTTCATCATTCAGGCTCAAAATGTTGACTTTCAACATGTGAAGCACTGGCTTGACATAAAATACACTCACATAAAGTCTCTTAGTGGACTCAGTGCCTTTTTCACAAACTCCATCACGTCAACATCTTGCCATGATGGGACCAAATGCCTTGCCTTCTTGTCTGCCTTCAGGACCTGAGAAATCGCCTTTTCCTGGTCAAGCACTCGCTCAATCATGCTGAGCCTTGAGCCCCATCGTGTTGGGGACTCAGTGATGAGCTTCTGTTGAGGTAGCTTTAGCTCAGCTTGAGCATTACTTAGTTCCCTCTTTTTCTTCCAGCTGAAGGAGAATGTGCTGACAACTTTCTTGCAGACAGATGTTGCACGTTCAACACGAGGGTCTTTGGCACTTTTTTCTAAAAAAAAAAGAAAAAAAGAACAATGTATCAACCAGAAAAATTTCATAGGGGTGGCTAAATGAGGCCACATC,VITLSSSQSGSPVTSTVPSTPTSLQPLVKLESGNPGAVGSSRPIQKYIVVSLPSSSSSMDNKGSGVLSSSTSPISMESAVKLECSESPATSTQLPH*,False
535,danio_rerio,taf6-202,ENSDARE00001158735,ENSDART00000163256,ENSDART00000163256,havana,havana,protein_coding,2.0,,ENSDARG00000102998,ENSDARP00000132888,1,ENSDARE00001158735,53691803,53691889,1,1,87,53691803,53691889,0,0,GATGCATTGAAGTTTATGCACCATGGGAAAAGATGCAAACTTACAACTGGTGACATTGATCATGCCCTTAAACTGAAAAATGTGGAG,DALKFMHHGKRCKLTTGDIDHALKLKNVE,False
536,danio_rerio,taf6-202,ENSDARE00001158181,ENSDART00000163256,ENSDART00000163256,havana,havana,protein_coding,2.0,,ENSDARG00000102998,ENSDARP00000132888,1,ENSDARE00001158181,53692014,53692167,2,88,241,53692014,53692167,0,1,CCACTGTATGGATTCCAGTCCGAGGAGTTCATCCCATTTCGCTTTGCAAGTGGAGGTGGCAGAGAATTGCACTTTTATGAAGAAAAAGAAGTGGATCTTAGTGACATCATTAATACACCCTTGCCTCGTGTACCTTTAGACGTTTCACTAAAAG,PLYGFQSEEFIPFRFASGGGRELHFYEEKEVDLSDIINTPLPRVPLDVSLK,False
537,danio_rerio,taf6-202,ENSDARE00001155274,ENSDART00000163256,ENSDART00000163256,havana,havana,protein_coding,2.0,,ENSDARG00000102998,ENSDARP00000132888,1,ENSDARE00001155274,53700584,53700640,3,242,298,53700584,53700640,1,1,CTCACTGGCTAAGTATAGATGGTGTCCAGCCTGCAATTCCAGAGAACCCACCTTCTG,AHWLSIDGVQPAIPENPPS,False
538,danio_rerio,taf6-202,ENSDARE00001213381,ENSDART00000163256,ENSDART00000163256,havana,havana,protein_coding,2.0,,ENSDARG00000102998,ENSDARP00000132888,1,ENSDARE00001213381,53727771,53727890,4,299,418,53727771,53727890,1,1,CTTCTAAAGAGCAGCAGAAGGCAGAGTCTACTGAGCCGCTTAAAGCTGTCAAACCTGGACAGGAAGACGAAGGCTTTATTCAAGCCAAGGGTCAGAGTGCAGTTTCTGCTGAAGTCAAAG,ASKEQQKAESTEPLKAVKPGQEDEGFIQAKGQSAVSAEVK,False
539,danio_rerio,taf6-202,ENSDARE00001187616,ENSDART00000163256,ENSDART00000163256,havana,havana,protein_coding,2.0,,ENSDARG00000102998,ENSDARP00000132888,1,ENSDARE00001187616,53733071,53733186,5,419,534,53733071,53733186,1,0,GAAAGGAAAAGATGCGGATGAAACCACGTAGCACACATGAGCTCTCTGTGGAGCAGCAGTTGTACTATAAAGAAATTACTGAAGCCTGTGTGGGATCCTGTGAAGCCAAAAGAGCG,GKEKMRMKPRSTHELSVEQQLYYKEITEACVGSCEAKRA,False
540,danio_rerio,taf6-202,ENSDARE00001224549,ENSDART00000163256,ENSDART00000163256,havana,havana,protein_coding,2.0,,ENSDARG00000102998,ENSDARP00000132888,1,ENSDARE00001224549,53734491,53734568,6,535,612,53734491,53734568,0,0,GAGGCACTGCAGAGCATAGCCACCGACCCAGGGCTGTACCAAATGCTGCCAAGGTTCAGTACCTTCATCTCGGAGGGT,EALQSIATDPGLYQMLPRFSTFISEG,False
541,danio_rerio,taf6-202,ENSDARE00001196294,ENSDART00000163256,ENSDART00000163256,havana,havana,protein_coding,2.0,,ENSDARG00000102998,ENSDARP00000132888,1,ENSDARE00001196294,53747810,53747911,7,613,714,53747810,53747911,0,0,GTGCGTGTAAATGTTGTTCAGAATAACTTGGCTTTGCTGATATATTTGATGAGGATGGTGAAGGCTCTAATGGACAATCCAACTCTATATTTGGAGAAATAT,VRVNVVQNNLALLIYLMRMVKALMDNPTLYLEKY,False
542,danio_rerio,taf6-202,ENSDARE00001201280,ENSDART00000163256,ENSDART00000163256,havana,havana,protein_coding,2.0,,ENSDARG00000102998,ENSDARP00000132888,1,ENSDARE00001201280,53748143,53748325,8,715,897,53748143,53748325,0,0,CTCCATGAGTTGATCCCCGCGGTGGTGACATGTATTGTGAGTAAGCAACTGTGTTTGAGGCCTGATGTAGACAATCACTGGGCTCTGCGAGACTTTGCTGCCCGGTTAATGGCTCAGAGCTGCAAAACATTCAGCACCACAACCAACAACATCCAGTCGCGTATCACCAAAACCTTTACTAAG,LHELIPAVVTCIVSKQLCLRPDVDNHWALRDFAARLMAQSCKTFSTTTNNIQSRITKTFTK,False
543,danio_rerio,taf6-202,ENSDARE00001158114,ENSDART00000163256,ENSDART00000163256,havana,havana,protein_coding,2.0,,ENSDARG00000102998,ENSDARP00000132888,1,ENSDARE00001158114,53751870,53751944,9,898,972,53751870,53751944,0,0,GCATTGTTGGATGAAAAGACTCAGTGGACAACTCGTTATGGCTGCATTGCTGGACTTGCTGAACTTGGGCATGAT,ALLDEKTQWTTRYGCIAGLAELGHD,False
544,danio_rerio,taf6-202,ENSDARE00001186273,ENSDART00000163256,ENSDART00000163256,havana,havana,protein_coding,2.0,,ENSDARG00000102998,ENSDARP00000132888,1,ENSDARE00001186273,53757419,53757544,10,973,1098,53757419,53757544,0,0,GTGATAAAGACTTTGATCATCCCCCGACTGTTTGTAGAGGGTGCCCGTATTAAAGCAGTGATGGATGGGCCAGTGGTATCCAATATTGATAAGATTGGAGCTGATCATGTCCAGAGTCTATTACTG,VIKTLIIPRLFVEGARIKAVMDGPVVSNIDKIGADHVQSLLL,False
545,danio_rerio,taf6-202,ENSDARE00001186589,ENSDART00000163256,ENSDART00000163256,havana,havana,protein_coding,2.0,,ENSDARG00000102998,ENSDARP00000132888,1,ENSDARE00001186589,53759127,53759300,11,1099,1272,53759127,53759300,0,0,AAACATTGTGCAAGTGTGGTTGCTAAAACTAGGCCGGTCCCAGATCTGGTGGAGCAATACAAAGCAGATTATGGTTATCTGGGCACTATGCTATGTTCACATGTGGTGAAGGCCCGTGCACAGGCTGCCTTTCAGGCCCAAACTGTTAACAGAACCACACTTACTATCACACAG,KHCASVVAKTRPVPDLVEQYKADYGYLGTMLCSHVVKARAQAAFQAQTVNRTTLTITQ,False
546,danio_rerio,taf6-202,ENSDARE00001151681,ENSDART00000163256,ENSDART00000163256,havana,havana,protein_coding,2.0,,ENSDARG00000102998,ENSDARP00000132888,1,ENSDARE00001151681,53759384,53759575,12,1273,1464,53759384,53759575,0,0,CCACGTCCGACTTTGACAATGTCTCAGAGTGGATTGTCAACATCAGGTGTTTCACGTACACCCAGCATAATTAAAGTACCCAGTTCACTTACCCTCATGTCTACTCGACCTGGAACACCCACTCAGCCATCACCCCCAGCAACAAAGTATATTGTTATGGCAACAAGTGCAGGGGCTGCATCCACACAGCAG,PRPTLTMSQSGLSTSGVSRTPSIIKVPSSLTLMSTRPGTPTQPSPPATKYIVMATSAGAASTQQ,False
547,danio_rerio,taf6-202,ENSDARE00001218851/ENSDARE00001222789,ENSDART00000163256,ENSDART00000163256,havana,havana,protein_coding,2.0,,ENSDARG00000102998,ENSDARP00000132888,1,ENSDARE00001218851,53760948,53761946,13,1465,1755,53760948,53761238,0,-1,GTAATCACTCTCAGCTCCTCTCAGTCTGGATCCCCTGTCACAAGTACAGTCCCCAGCACACCAACAAGTCTACAGCCACTCGTCAAACTGGAGTCTGGAAATCCAGGTGCTGTGGGCAGCTCACGCCCAATCCAGAAATATATTGTGGTGTCTTTGCCTTCATCCTCTTCATCAATGGATAATAAGGGCTCAGGTGTCCTTTCCTCTTCTACCTCACCTATCAGCATGGAGTCTGCAGTCAAGCTGGAATGTTCAGAATCACCAGCCACAAGCACACAATTGCCACATTGACACTCTCACTCTTGCTTACGCCATCAGGGTATAGATCAACAATAAATGTAACTTGATGCTTATCAAAGTGCTTTAAAACAAACATACACACAGATACACAAATACATGTCACAGACACACAATACAGTTGTGGCTGCAAGCACATCGAGGCTGTAACAATGACATCTATACATACAAACATGTTAAGGAACCTTTATTGTGATTTGAGATGAAAGCACAAGACTTGGTTCTGCCTTTGAGCTCCTAGCTTTAGCTGTAGTTTAGCTGTATTTCATGTACATGAGGATATATATGCAGATAACAGGAGAAAGAATGATAAATGTGGATTCTCTGGGTAGGAATTAATGGGTCCACCATTAATACAATGTTTTTTATAGTTGGGCATTTGTTGGGTTTAACAATTTAATTGATTTACAGTTTCAAGTTTATTATTATCTTCTATAATAAAGTTGGTTTTTAAGGTGTGATTTACATTTCTTAATTTGTAATACTTAATGTTATAATGTTTTTTGTAGAAATCAGTGTTTTTTTTTTGTTTTCATGTCAAACGTTTTGTTATATCAGTTCAATTTCTTTTCTCAAGATAAAACTTAAGATATTAAGTATAATAGTACACTGAAGGTATTAGCAATTATTAAGTAATCCATTCTTAAATACAGTTTTGTATAATTGTGAGGAAAAATGTCAATAAAAAGGCATGGAACAACA,VITLSSSQSGSPVTSTVPSTPTSLQPLVKLESGNPGAVGSSRPIQKYIVVSLPSSSSSMDNKGSGVLSSSTSPISMESAVKLECSESPATSTQLPH*,False
548,danio_rerio,taf6-204,ENSDARE00001218598,ENSDART00000184967,ENSDART00000184967,ensembl,ensembl_danio_rerio,protein_coding,1.0,,ENSDARG00000102998,ENSDARP00000148212,1,ENSDARE00001218598,53639293,53639456,2,840,995,53639301,53639456,-1,0,AGTGAGAAATGGCAGAGGAACGCAGACAGAAGCTGTGTTCTGTGATCCTGCCCACTGATTCCATGAAGGCAATGGCTGAGTCGGTGGGTATAGGCTCACTGCAGGAAGACAGCTGTCTGACCCTCAGTGAAGAAGTTAGCTACAGGATCAAAGAGATTGCACAG,MAEERRQKLCSVILPTDSMKAMAESVGIGSLQEDSCLTLSEEVSYRIKEIAQ,False
549,danio_rerio,taf6-204,ENSDARE00001158735,ENSDART00000184967,ENSDART00000184967,ensembl,ensembl_danio_rerio,protein_coding,1.0,,ENSDARG00000102998,ENSDARP00000148212,1,ENSDARE00001158735,53691803,53691889,3,996,1082,53691803,53691889,0,0,GATGCATTGAAGTTTATGCACCATGGGAAAAGATGCAAACTTACAACTGGTGACATTGATCATGCCCTTAAACTGAAAAATGTGGAG,DALKFMHHGKRCKLTTGDIDHALKLKNVE,False
550,danio_rerio,taf6-204,ENSDARE00001158181,ENSDART00000184967,ENSDART00000184967,ensembl,ensembl_danio_rerio,protein_coding,1.0,,ENSDARG00000102998,ENSDARP00000148212,1,ENSDARE00001158181,53692014,53692167,4,1083,1236,53692014,53692167,0,1,CCACTGTATGGATTCCAGTCCGAGGAGTTCATCCCATTTCGCTTTGCAAGTGGAGGTGGCAGAGAATTGCACTTTTATGAAGAAAAAGAAGTGGATCTTAGTGACATCATTAATACACCCTTGCCTCGTGTACCTTTAGACGTTTCACTAAAAG,PLYGFQSEEFIPFRFASGGGRELHFYEEKEVDLSDIINTPLPRVPLDVSLK,False
551,danio_rerio,taf6-204,ENSDARE00001213381,ENSDART00000184967,ENSDART00000184967,ensembl,ensembl_danio_rerio,protein_coding,1.0,,ENSDARG00000102998,ENSDARP00000148212,1,ENSDARE00001213381,53727771,53727890,5,1237,1356,53727771,53727890,1,1,CTTCTAAAGAGCAGCAGAAGGCAGAGTCTACTGAGCCGCTTAAAGCTGTCAAACCTGGACAGGAAGACGAAGGCTTTATTCAAGCCAAGGGTCAGAGTGCAGTTTCTGCTGAAGTCAAAG,ASKEQQKAESTEPLKAVKPGQEDEGFIQAKGQSAVSAEVK,False
552,danio_rerio,taf6-204,ENSDARE00001187616,ENSDART00000184967,ENSDART00000184967,ensembl,ensembl_danio_rerio,protein_coding,1.0,,ENSDARG00000102998,ENSDARP00000148212,1,ENSDARE00001187616,53733071,53733186,6,1357,1472,53733071,53733186,1,0,GAAAGGAAAAGATGCGGATGAAACCACGTAGCACACATGAGCTCTCTGTGGAGCAGCAGTTGTACTATAAAGAAATTACTGAAGCCTGTGTGGGATCCTGTGAAGCCAAAAGAGCG,GKEKMRMKPRSTHELSVEQQLYYKEITEACVGSCEAKRA,False
553,danio_rerio,taf6-204,ENSDARE00001224549,ENSDART00000184967,ENSDART00000184967,ensembl,ensembl_danio_rerio,protein_coding,1.0,,ENSDARG00000102998,ENSDARP00000148212,1,ENSDARE00001224549,53734491,53734568,7,1473,1550,53734491,53734568,0,0,GAGGCACTGCAGAGCATAGCCACCGACCCAGGGCTGTACCAAATGCTGCCAAGGTTCAGTACCTTCATCTCGGAGGGT,EALQSIATDPGLYQMLPRFSTFISEG,False
554,danio_rerio,taf6-204,ENSDARE00001196294,ENSDART00000184967,ENSDART00000184967,ensembl,ensembl_danio_rerio,protein_coding,1.0,,ENSDARG00000102998,ENSDARP00000148212,1,ENSDARE00001196294,53747810,53747911,8,1551,1652,53747810,53747911,0,0,GTGCGTGTAAATGTTGTTCAGAATAACTTGGCTTTGCTGATATATTTGATGAGGATGGTGAAGGCTCTAATGGACAATCCAACTCTATATTTGGAGAAATAT,VRVNVVQNNLALLIYLMRMVKALMDNPTLYLEKY,False
555,danio_rerio,taf6-204,ENSDARE00001201280,ENSDART00000184967,ENSDART00000184967,ensembl,ensembl_danio_rerio,protein_coding,1.0,,ENSDARG00000102998,ENSDARP00000148212,1,ENSDARE00001201280,53748143,53748325,9,1653,1835,53748143,53748325,0,0,CTCCATGAGTTGATCCCCGCGGTGGTGACATGTATTGTGAGTAAGCAACTGTGTTTGAGGCCTGATGTAGACAATCACTGGGCTCTGCGAGACTTTGCTGCCCGGTTAATGGCTCAGAGCTGCAAAACATTCAGCACCACAACCAACAACATCCAGTCGCGTATCACCAAAACCTTTACTAAG,LHELIPAVVTCIVSKQLCLRPDVDNHWALRDFAARLMAQSCKTFSTTTNNIQSRITKTFTK,False
556,danio_rerio,taf6-204,ENSDARE00001158114,ENSDART00000184967,ENSDART00000184967,ensembl,ensembl_danio_rerio,protein_coding,1.0,,ENSDARG00000102998,ENSDARP00000148212,1,ENSDARE00001158114,53751870,53751944,10,1836,1910,53751870,53751944,0,0,GCATTGTTGGATGAAAAGACTCAGTGGACAACTCGTTATGGCTGCATTGCTGGACTTGCTGAACTTGGGCATGAT,ALLDEKTQWTTRYGCIAGLAELGHD,False
557,danio_rerio,taf6-204,ENSDARE00001186273,ENSDART00000184967,ENSDART00000184967,ensembl,ensembl_danio_rerio,protein_coding,1.0,,ENSDARG00000102998,ENSDARP00000148212,1,ENSDARE00001186273,53757419,53757544,11,1911,2036,53757419,53757544,0,0,GTGATAAAGACTTTGATCATCCCCCGACTGTTTGTAGAGGGTGCCCGTATTAAAGCAGTGATGGATGGGCCAGTGGTATCCAATATTGATAAGATTGGAGCTGATCATGTCCAGAGTCTATTACTG,VIKTLIIPRLFVEGARIKAVMDGPVVSNIDKIGADHVQSLLL,False
558,danio_rerio,taf6-204,ENSDARE00001186589,ENSDART00000184967,ENSDART00000184967,ensembl,ensembl_danio_rerio,protein_coding,1.0,,ENSDARG00000102998,ENSDARP00000148212,1,ENSDARE00001186589,53759127,53759300,12,2037,2210,53759127,53759300,0,0,AAACATTGTGCAAGTGTGGTTGCTAAAACTAGGCCGGTCCCAGATCTGGTGGAGCAATACAAAGCAGATTATGGTTATCTGGGCACTATGCTATGTTCACATGTGGTGAAGGCCCGTGCACAGGCTGCCTTTCAGGCCCAAACTGTTAACAGAACCACACTTACTATCACACAG,KHCASVVAKTRPVPDLVEQYKADYGYLGTMLCSHVVKARAQAAFQAQTVNRTTLTITQ,False
559,danio_rerio,taf6-204,ENSDARE00001151681,ENSDART00000184967,ENSDART00000184967,ensembl,ensembl_danio_rerio,protein_coding,1.0,,ENSDARG00000102998,ENSDARP00000148212,1,ENSDARE00001151681,53759384,53759575,13,2211,2402,53759384,53759575,0,0,CCACGTCCGACTTTGACAATGTCTCAGAGTGGATTGTCAACATCAGGTGTTTCACGTACACCCAGCATAATTAAAGTACCCAGTTCACTTACCCTCATGTCTACTCGACCTGGAACACCCACTCAGCCATCACCCCCAGCAACAAAGTATATTGTTATGGCAACAAGTGCAGGGGCTGCATCCACACAGCAG,PRPTLTMSQSGLSTSGVSRTPSIIKVPSSLTLMSTRPGTPTQPSPPATKYIVMATSAGAASTQQ,False
560,danio_rerio,taf6-204,ENSDARE00001218851/ENSDARE00001222789,ENSDART00000184967,ENSDART00000184967,ensembl,ensembl_danio_rerio,protein_coding,1.0,,ENSDARG00000102998,ENSDARP00000148212,1,ENSDARE00001218851,53760948,53765478,14,2403,2693,53760948,53761238,0,-1,GTAATCACTCTCAGCTCCTCTCAGTCTGGATCCCCTGTCACAAGTACAGTCCCCAGCACACCAACAAGTCTACAGCCACTCGTCAAACTGGAGTCTGGAAATCCAGGTGCTGTGGGCAGCTCACGCCCAATCCAGAAATATATTGTGGTGTCTTTGCCTTCATCCTCTTCATCAATGGATAATAAGGGCTCAGGTGTCCTTTCCTCTTCTACCTCACCTATCAGCATGGAGTCTGCAGTCAAGCTGGAATGTTCAGAATCACCAGCCACAAGCACACAATTGCCACATTGACACTCTCACTCTTGCTTACGCCATCAGGGTATAGATCAACAATAAATGTAACTTGATGCTTATCAAAGTGCTTTAAAACAAACATACACACAGATACACAAATACATGTCACAGACACACAATACAGTTGTGGCTGCAAGCACATCGAGGCTGTAACAATGACATCTATACATACAAACATGTTAAGGAACCTTTATTGTGATTTGAGATGAAAGCACAAGACTTGGTTCTGCCTTTGAGCTCCTAGCTTTAGCTGTAGTTTAGCTGTATTTCATGTACATGAGGATATATATGCAGATAACAGGAGAAAGAATGATAAATGTGGATTCTCTGGGTAGGAATTAATGGGTCCACCATTAATACAATGTTTTTTATAGTTGGGCATTTGTTGGGTTTAACAATTTAATTGATTTACAGTTTCAAGTTTATTATTATCTTCTATAATAAAGTTGGTTTTTAAGGTGTGATTTACATTTCTTAATTTGTAATACTTAATGTTATAATGTTTTTTGTAGAAATCAGTGTTTTTTTTTTGTTTTCATGTCAAACGTTTTGTTATATCAGTTCAATTTCTTTTCTCAAGATAAAACTTAAGATATTAAGTATAATAGTACACTGAAGGTATTAGCAATTATTAAGTAATCCATTCTTAAATACAGTTTTGTATAATTGTGAGGAAAAATGTCAATAAAAAGGCATGGAACAACATTCATTCATTCATTTTCTTGTCTGCTTAGTCCCTTTATTAATCCGGGGTCGCGACAGTGGAATGAACCGCCAACTTATCCATCAAGTTTTTACACAGGGGATGCTCTTTCAGCCGCAACCCATCTCTGGGAAACATCCTCACACATAATCACACACAAACTCATACACTATGGACAATTTAGCCTACCCAATTCACCTGTACCGCATGTCTTTGGACTGTGGGGGAAACCGGAGCACCCGATGGAAACCCACGCGAATGCAGGGAGAACATGCAAACTCCAAACAGAAACACCAACTGACCCCAGACTCGAACCAGCGACCATCTGGCTATGAGGCAACAGCACTACCTACTGCGCCACTGCAGTCTGGGTAACAAATGTGGATTCACTAAACCTCAAACATACCTTATACTGTAGTGCTTAAGGTTTCCATTGGGGATCTTTTTGGACATGAAGGTCTCGTGTGAACTATGTTTTTTTTTTTTTTTTTTTTAACAAATGTCATATGTTGGTCTTGAAAAAAAATCTATACATTTTTAACAATAATAATTTTAAATAATAAGTTTTAGAATTCCCCATACTTATCCAATGGGACAAATTATTATGGAGTTGGATTTAAAGAGTACTTAAGTGTTTTATTTATTTATTTATTCATTCATTATTATTATTTTTTTTTTTTTGCCAAGTCCTCTTTTTGTGTTTTTATGAAAGAAAAGTATTTTGCAAAATTTTTACTTTATGAGTGTTTATGTAAAATTATGCTTATTTTATGTTACAGGTAATTTTTATGTTACAGTTTCTCAGCAAAAATATCCCTGCAGTCAGTTCAGACCAACCAAAACCTACAAATATGGATTCTTTGGTGACATCTAGTGGCTGATGATGGCATAAAGTATAAAAATATCCAGTATTTCTCTACATGCATTACTCTGCTTTGGAATTTTTTTTTTTTAGTGCAGTTGACTTTTTTTGTGCAGTTAAGTATATCTTTACATAGGTAGGGTTACAGACAAATTATAGGTGAGCTGTCTCTACTGCCATGTACTGTACATACATTCTGAATAGCCACATTCATCTTTGGGTGTCACCGGTTTAAGATGATATTACAATCATAACTTTTTAACATTTTGTTTCGTTATTGTGTAGACACGTGGAGTTTCACTTGTGTGAGCAAGTATGTGGAGAAAGAGCTGTTGAGATTAAGGTTGAATCTTTTACGTGTGAGATGTGCTTGCCAATTTTCATGTCCTGTTTACATCAACAAACATTTATAACAGAGCGCTAGATGCCCCATAAGCCGGTGGATAGTTCATCACAGGGTTTTTGTGGGGTCTTAAAAAGTCAAAAAAAAAAAAAATCACATCTATAACTTGCTTTTCTTGGTCTTAAATATTTTTGTACAGGTCTCATTTTTTCGATGTTCATGTAACTACCTCTAATGCTCATTTATATTAAGTGGAGGAACTATGAAGTCACCTTGTAGACTAAAACTGGTTCCCTCATAGGCTTTTTGAATATTTTAAATAATAAGCTCTGTTAAAGCACAGTTCATTATACTTTTTTTTTTTTTTAAGATTTATTTTTGGCCTTTTTGCCTTTATTAGATAGGACAGTTTTTAAACAGGAAGCGAAGCTGGAGAGAAAGAGGGGTAGGGAAATGTCCTCGAGCCGGGATTGGAACTCAAGACACCTTGAAGTGCTACTGTACCATATGTTGACACGCTAACCTCTATTCCATTGCACCGACTAGTAGGGGTGGGCGATATGTAAAAAATATCATATCCTGATTTGTTCTGGGGAAATCACGATTTTTATCCCAATTTTTTTTTTAAGTTGGTTTTTTAAGAATATTTTGCAAATTACAAAGGTACAATACAACCAAACTAATGTCCCCAAATAAAAAATATACTCTTAGCATGTATGTATAAGAATATGTTAATCAAGTGAAGATTTAATGCAAGTGCTATTCTGCAAAGAAAGAACATTCAACAAGACTTGCATTACAATTACTGTACCATCAAAATGAACATTTGTTTAACAAATTTAACAAATCTTAGTTTAACAAGTTTAACAAATCAGCTTATTAGACATAGATCCTCAGCAACACCTTCAAAAATGTAAATGACTTAGTTTTTAAGTTAAGTTAAATAAAGTTTAAATAAAAATATAACTGTCAATGTAAGTGCACAGACTTTAGCATAACTCCCAAAATAAACATTGGCTTAGAAAAGAAAAATAAACATACAAACAGTAAACTACCTTTTGTACTCTGTTAAGTACCATAGATTTTTGTGCAACATGTTTCAGAACCAAAAAAATAAAATAAAGATACAAAAATATTTCCTGACCTCATTCCTGAGTCTTGTAAACTTAGCAGCTTTGGAACATATACATTTCTAAAGATGTCAAAGTATGACAAATCACAGTCACAAATTCTTAGAAAGGAAGACCAGCTGATTCACTTTCTCCGGCTTAAGAGATGCCCTTTGGCAGGTGATGATATTGCCACCAGTACTGAAAGCCCTTTCTGAGGGAGCACTTGTGGCTGGAATGCAGAGATACTTTCTAGCAAGCTGGCTAATTCTTGGAAAGTTTGCCAAATGGACTTTCCACCATGCCAGCGGATCCACCTCACTTTCTGCATTTGGCGTGGACAAGTATCCCTACAGTTCTCCTTCTATTGCCTCTTTCACAGATGAGGAAACTGATGTGGTTGCAGATGCACTTGCAACACCTAAGGCTTTTAAAAAGCTGGAAAGTGTTTTCTTTGCTTTCTTGGGTGGTGTCTGATCCTCATCAAGGATTTGTGATGTAAAGGCTGAGGTACTAGATGTAGGCTGCTGATCTGAGTTTGGATACTGTATGTGTATGGTCACCAAAGACTACAGCTTAGCAACAGCTCTGGTTTGTATCCCCTTTACCTTTTCTTTGGCAATGAATTGTGTTTTGAATCTGGGATAGAAAAGCGAAGCCATATCCAGCAGGTCATCAGTGGTGGGGTCCTGATATTTGTCAGTGAGGTAATTCAGAATGGTTGTCTTCATTGTTTTTGTTAGTTCAGTGTCTTCATCATTCAGGCTCAAAATGTTGACTTTCAACATGTGAAGCACTGGCTTGACATAAAATACACTCACATAAAGTCTCTTAGTGGACTCAGTGCCTTTTTCACAAACTCCATCACGTCAACATCTTGCCATGATGGGACCAAATGCCTTGCCTTCTTGTCTGCCTTCAGGACCTGAGAAATCGCCTTTTCCTGGTCAAGCACTCGCTCAATCATGCTGAGCCTTGAGCCCCATCGTGTTGGGGACTCAGTGATGAGCTTCTGTTGAGGTAGCTTTAGCTCAGCTTGAGCATTACTTAGTTCCCTCTTTTTCTTCCAGCTGAAGGAGAATGTGCTGACAACTTTCTTGCAGACAGATGTTGCACGTTCAACACGAGGGTCTTTGGCACTTTTTTCTAAAAAAAAAAGAAAAAAAGAACAATGTATCAACCAGAAAAATTTCATAGGGGTGGCTAAATGAGGCCACATC,VITLSSSQSGSPVTSTVPSTPTSLQPLVKLESGNPGAVGSSRPIQKYIVVSLPSSSSSMDNKGSGVLSSSTSPISMESAVKLECSESPATSTQLPH*,False
468,homo_sapiens,TAF6-205,ENSE00001650825,ENST00000437822,ENST00000437822,ensembl_havana,ensembl_havana_transcript_homo_sapiens,protein_coding,6.0,2.0,ENSG00000106290,ENSP00000399982,-1,ENSE00001650825,100119695,100119841,1,96,147,100119695,100119746,-1,1,GTTCTGTGTCATCGTCCTCCTCCTTCAACATCCCAGCCCAAGCCTCGTGCACGGCCAAAAAAAGGAAAAGCAATATTCCCAACCGCACAGGTCCCATGACAAAGCGCCGTCTACAAACAATCACCGCTTGCCTTCAACTTCGGGAAG,MTKRRLQTITACLQLREG,False
469,homo_sapiens,TAF6-205,ENSE00003656437,ENST00000437822,ENST00000437822,ensembl_havana,ensembl_havana_transcript_homo_sapiens,protein_coding,6.0,2.0,ENSG00000106290,ENSP00000399982,-1,ENSE00003656437,100114054,100114268,2,148,362,100114054,100114268,1,0,GGTCTCCGTCTCTCCACCGGGGGCTTCATCCTTCCAGGGAGGAGAAGAGGGACTCCAGAATGGCTGAGGAGAAGAAGCTGAAGCTTAGCAACACTGTGCTGCCCTCGGAGTCCATGAAGGTGGTGGCTGAATCCATGGGCATCGCCCAGATTCAGGAGGAGACCTGCCAGCTGCTAACGGATGAGGTCAGCTACCGCATCAAAGAGATCGCACAG,SPSLHRGLHPSREEKRDSRMAEEKKLKLSNTVLPSESMKVVAESMGIAQIQEETCQLLTDEVSYRIKEIAQ,False
470,homo_sapiens,TAF6-205,ENSE00003471681,ENST00000437822,ENST00000437822,ensembl_havana,ensembl_havana_transcript_homo_sapiens,protein_coding,6.0,2.0,ENSG00000106290,ENSP00000399982,-1,ENSE00003471681,100113868,100113954,3,363,449,100113868,100113954,0,0,GATGCCTTGAAGTTCATGCACATGGGGAAGCGGCAGAAGCTCACCACCAGTGACATTGACTACGCCTTGAAGCTAAAGAATGTCGAG,DALKFMHMGKRQKLTTSDIDYALKLKNVE,False
471,homo_sapiens,TAF6-205,ENSE00000824907,ENST00000437822,ENST00000437822,ensembl_havana,ensembl_havana_transcript_homo_sapiens,protein_coding,6.0,2.0,ENSG00000106290,ENSP00000399982,-1,ENSE00000824907,100113616,100113769,4,450,603,100113616,100113769,0,1,CCACTCTATGGCTTCCACGCCCAGGAGTTCATTCCTTTCCGCTTCGCCTCTGGTGGGGGCCGGGAGCTTTACTTCTATGAGGAGAAGGAGGTTGATCTGAGCGACATCATCAATACCCCTCTGCCCCGGGTGCCCCTGGACGTCTGCCTCAAAG,PLYGFHAQEFIPFRFASGGGRELYFYEEKEVDLSDIINTPLPRVPLDVCLKA,False
472,homo_sapiens,TAF6-205,ENSE00003786915,ENST00000437822,ENST00000437822,ensembl_havana,ensembl_havana_transcript_homo_sapiens,protein_coding,6.0,2.0,ENSG00000106290,ENSP00000399982,-1,ENSE00003786915,100113349,100113405,5,604,660,100113349,100113405,1,1,CTCATTGGCTGAGCATCGAGGGCTGCCAGCCAGCTATCCCCGAGAACCCGCCCCCAG,HWLSIEGCQPAIPENPPPA,False
473,homo_sapiens,TAF6-205,ENSE00003641538,ENST00000437822,ENST00000437822,ensembl_havana,ensembl_havana_transcript_homo_sapiens,protein_coding,6.0,2.0,ENSG00000106290,ENSP00000399982,-1,ENSE00003641538,100112798,100112917,6,661,780,100112798,100112917,1,1,CTCCCAAAGAGCAACAGAAGGCTGAAGCCACAGAACCCCTGAAGTCAGCCAAGCCAGGCCAGGAGGAAGACGGACCCCTGAAGGGCAAAGGTCAAGGGGCCACCACAGCCGACGGCAAAG,PKEQQKAEATEPLKSAKPGQEEDGPLKGKGQGATTADGKG,False
474,homo_sapiens,TAF6-205,ENSE00003468521,ENST00000437822,ENST00000437822,ensembl_havana,ensembl_havana_transcript_homo_sapiens,protein_coding,6.0,2.0,ENSG00000106290,ENSP00000399982,-1,ENSE00003468521,100112108,100112253,7,781,926,100112108,100112253,1,0,GGAAAGAGAAGAAGGCGCCGCCCTTGCTGGAGGGGGCCCCCTTGCGACTGAAGCCCCGGAGCATCCACGAGTTGTCTGTGGAGCAGCAGCTCTACTACAAGGAGATCACCGAGGCCTGCGTGGGCTCCTGCGAGGCCAAGAGGGCG,KEKKAPPLLEGAPLRLKPRSIHELSVEQQLYYKEITEACVGSCEAKRA,False
475,homo_sapiens,TAF6-205,ENSE00003520015,ENST00000437822,ENST00000437822,ensembl_havana,ensembl_havana_transcript_homo_sapiens,protein_coding,6.0,2.0,ENSG00000106290,ENSP00000399982,-1,ENSE00003520015,100111922,100111999,8,927,1004,100111922,100111999,0,0,GAAGCCCTGCAAAGCATTGCCACGGACCCTGGACTGTATCAGATGCTGCCACGGTTCAGTACCTTTATCTCGGAGGGG,EALQSIATDPGLYQMLPRFSTFISEG,False
476,homo_sapiens,TAF6-205,ENSE00003546321,ENST00000437822,ENST00000437822,ensembl_havana,ensembl_havana_transcript_homo_sapiens,protein_coding,6.0,2.0,ENSG00000106290,ENSP00000399982,-1,ENSE00003546321,100111728,100111829,9,1005,1106,100111728,100111829,0,0,GTCCGTGTGAACGTGGTTCAGAACAACCTGGCCCTACTCATCTACCTGATGCGTATGGTGAAAGCGCTGATGGACAACCCCACGCTCTATCTAGAAAAATAC,VRVNVVQNNLALLIYLMRMVKALMDNPTLYLEKY,False
477,homo_sapiens,TAF6-205,ENSE00003600719,ENST00000437822,ENST00000437822,ensembl_havana,ensembl_havana_transcript_homo_sapiens,protein_coding,6.0,2.0,ENSG00000106290,ENSP00000399982,-1,ENSE00003600719,100111139,100111321,10,1107,1289,100111139,100111321,0,0,GTCCATGAGCTGATTCCAGCTGTGATGACCTGCATCGTGAGCAGACAGTTGTGCCTGCGACCAGATGTGGACAATCACTGGGCACTCCGAGACTTTGCTGCCCGCCTGGTGGCCCAGATCTGCAAGCATTTTAGCACAACCACTAACAACATCCAGTCCCGGATCACCAAGACCTTCACCAAG,VHELIPAVMTCIVSRQLCLRPDVDNHWALRDFAARLVAQICKHFSTTTNNIQSRITKTFTK,False
478,homo_sapiens,TAF6-205,ENSE00003680922,ENST00000437822,ENST00000437822,ensembl_havana,ensembl_havana_transcript_homo_sapiens,protein_coding,6.0,2.0,ENSG00000106290,ENSP00000399982,-1,ENSE00003680922,100110200,100110274,11,1290,1364,100110200,100110274,0,0,AGCTGGGTGGACGAGAAGACGCCCTGGACGACTCGTTATGGCTCCATCGCAGGCTTGGCTGAGCTGGGACACGAT,SWVDEKTPWTTRYGSIAGLAELGHD,False
479,homo_sapiens,TAF6-205,ENSE00003482704,ENST00000437822,ENST00000437822,ensembl_havana,ensembl_havana_transcript_homo_sapiens,protein_coding,6.0,2.0,ENSG00000106290,ENSP00000399982,-1,ENSE00003482704,100109948,100110073,12,1365,1490,100109948,100110073,0,0,GTTATCAAGACTCTGATTCTGCCCCGGCTGCAGCAGGAAGGGGAGCGGATCCGCAGTGTGCTGGACGGCCCTGTGCTGAGCAACATTGACCGGATTGGAGCAGACCATGTGCAGAGCCTCCTGCTG,VIKTLILPRLQQEGERIRSVLDGPVLSNIDRIGADHVQSLLL,False
480,homo_sapiens,TAF6-205,ENSE00003507111,ENST00000437822,ENST00000437822,ensembl_havana,ensembl_havana_transcript_homo_sapiens,protein_coding,6.0,2.0,ENSG00000106290,ENSP00000399982,-1,ENSE00003507111,100108367,100108540,13,1491,1664,100108367,100108540,0,0,AAACACTGTGCTCCTGTTCTGGCAAAGCTGCGCCCACCGCCTGACAATCAGGACGCCTATCGGGCAGAATTCGGGTCCCTTGGGCCCCTCCTCTGCTCCCAGGTGGTCAAGGCTCGGGCCCAGGCTGCTCTGCAGGCTCAGCAGGTCAACAGGACCACTCTGACCATCACGCAG,KHCAPVLAKLRPPPDNQDAYRAEFGSLGPLLCSQVVKARAQAALQAQQVNRTTLTITQ,False
481,homo_sapiens,TAF6-205,ENSE00003627676,ENST00000437822,ENST00000437822,ensembl_havana,ensembl_havana_transcript_homo_sapiens,protein_coding,6.0,2.0,ENSG00000106290,ENSP00000399982,-1,ENSE00003627676,100107926,100108123,14,1665,1862,100107926,100108123,0,0,CCCCGGCCCACGCTGACCCTCTCGCAGGCCCCACAGCCTGGCCCTCGCACCCCTGGCTTGCTGAAGGTTCCTGGCTCCATCGCACTTCCTGTCCAGACACTGGTGTCTGCACGAGCGGCTGCCCCACCACAGCCTTCCCCTCCTCCAACCAAGTTTATTGTAATGTCATCGTCCTCCAGCGCCCCATCCACCCAGCAG,PRPTLTLSQAPQPGPRTPGLLKVPGSIALPVQTLVSARAAAPPQPSPPPTKFIVMSSSSSAPSTQQ,False
482,homo_sapiens,TAF6-205,ENSE00001711425/ENSE00001937282/ENSE00003926498/ENSE00003932827/ENSE00003937765,ENST00000437822,ENST00000437822,ensembl_havana,ensembl_havana_transcript_homo_sapiens,protein_coding,6.0,2.0,ENSG00000106290,ENSP00000399982,-1,ENSE00001711425,100107168,100107623,15,1863,2240,100107246,100107623,0,-1,GTCCTGTCCCTCAGCACCTCGGCCCCCGGCTCAGGTTCCACCACCACTTCGCCCGTCACCACCACCGTCCCCAGCGTGCAGCCCATCGTCAAGTTGGTCTCCACCGCCACCACCGCACCCCCCAGCACTGCTCCCTCTGGTCCTGGGAGTGTCCAGAAGTACATCGTGGTCTCACTTCCCCCAACAGGGGAGGGCAAAGGAGGCCCCACCTCCCATCCTTCTCCAGTTCCTCCCCCGGCATCGTCCCCGTCCCCACTCAGCGGCAGTGCCCTTTGTGGGGGGAAGCAGGAGGCTGGGGACAGTCCCCCTCCAGCTCCAGGGACTCCAAAAGCCAATGGCTCCCAGCCCAACTCCGGCTCCCCTCAGCCTGCTCCGTGATGCTCCACCTGCCAGCCCCCGGATTCCCACACATGCAGACATGTACACACGTGCACGTACACACATGCATGCTCGCTA,VLSLSTSAPGSGSTTTSPVTTTVPSVQPIVKLVSTATTAPPSTAPSGPGSVQKYIVVSLPPTGEGKGGPTSHPSPVPPPASSPSPLSGSALCGGKQEAGDSPPPAPGTPKANGSQPNSGSPQPAP*,False
441,homo_sapiens,TAF6-206,ENSE00001911976/ENSE00003585151,ENST00000440225,ENST00000440225,havana,havana_homo_sapiens,protein_coding,6.0,3.0,ENSG00000106290,ENSP00000410012,-1,ENSE00001911976,100114054,100114268,2,537,692,100114054,100114209,-1,0,GGTCTCCGTCTCTCCACCGGGGGCTTCATCCTTCCAGGGAGGAGAAGAGGGACTCCAGAATGGCTGAGGAGAAGAAGCTGAAGCTTAGCAACACTGTGCTGCCCTCGGAGTCCATGAAGGTGGTGGCTGAATCCATGGGCATCGCCCAGATTCAGGAGGAGACCTGCCAGCTGCTAACGGATGAGGTCAGCTACCGCATCAAAGAGATCGCACAG,MAEEKKLKLSNTVLPSESMKVVAESMGIAQIQEETCQLLTDEVSYRIKEIAQ,False
442,homo_sapiens,TAF6-206,ENSE00003471681,ENST00000440225,ENST00000440225,havana,havana_homo_sapiens,protein_coding,6.0,3.0,ENSG00000106290,ENSP00000410012,-1,ENSE00003471681,100113868,100113954,3,693,779,100113868,100113954,0,0,GATGCCTTGAAGTTCATGCACATGGGGAAGCGGCAGAAGCTCACCACCAGTGACATTGACTACGCCTTGAAGCTAAAGAATGTCGAG,DALKFMHMGKRQKLTTSDIDYALKLKNVE,False
443,homo_sapiens,TAF6-206,ENSE00000824907,ENST00000440225,ENST00000440225,havana,havana_homo_sapiens,protein_coding,6.0,3.0,ENSG00000106290,ENSP00000410012,-1,ENSE00000824907,100113616,100113769,4,780,933,100113616,100113769,0,1,CCACTCTATGGCTTCCACGCCCAGGAGTTCATTCCTTTCCGCTTCGCCTCTGGTGGGGGCCGGGAGCTTTACTTCTATGAGGAGAAGGAGGTTGATCTGAGCGACATCATCAATACCCCTCTGCCCCGGGTGCCCCTGGACGTCTGCCTCAAAG,PLYGFHAQEFIPFRFASGGGRELYFYEEKEVDLSDIINTPLPRVPLDVCLKA,False
444,homo_sapiens,TAF6-206,ENSE00003786915,ENST00000440225,ENST00000440225,havana,havana_homo_sapiens,protein_coding,6.0,3.0,ENSG00000106290,ENSP00000410012,-1,ENSE00003786915,100113349,100113405,5,934,990,100113349,100113405,1,1,CTCATTGGCTGAGCATCGAGGGCTGCCAGCCAGCTATCCCCGAGAACCCGCCCCCAG,HWLSIEGCQPAIPENPPPA,False
445,homo_sapiens,TAF6-206,ENSE00003641538,ENST00000440225,ENST00000440225,havana,havana_homo_sapiens,protein_coding,6.0,3.0,ENSG00000106290,ENSP00000410012,-1,ENSE00003641538,100112798,100112917,6,991,1110,100112798,100112917,1,1,CTCCCAAAGAGCAACAGAAGGCTGAAGCCACAGAACCCCTGAAGTCAGCCAAGCCAGGCCAGGAGGAAGACGGACCCCTGAAGGGCAAAGGTCAAGGGGCCACCACAGCCGACGGCAAAG,PKEQQKAEATEPLKSAKPGQEEDGPLKGKGQGATTADGKG,False
446,homo_sapiens,TAF6-206,ENSE00003468521,ENST00000440225,ENST00000440225,havana,havana_homo_sapiens,protein_coding,6.0,3.0,ENSG00000106290,ENSP00000410012,-1,ENSE00003468521,100112108,100112253,7,1111,1256,100112108,100112253,1,0,GGAAAGAGAAGAAGGCGCCGCCCTTGCTGGAGGGGGCCCCCTTGCGACTGAAGCCCCGGAGCATCCACGAGTTGTCTGTGGAGCAGCAGCTCTACTACAAGGAGATCACCGAGGCCTGCGTGGGCTCCTGCGAGGCCAAGAGGGCG,KEKKAPPLLEGAPLRLKPRSIHELSVEQQLYYKEITEACVGSCEAKRA,False
447,homo_sapiens,TAF6-206,ENSE00003520015,ENST00000440225,ENST00000440225,havana,havana_homo_sapiens,protein_coding,6.0,3.0,ENSG00000106290,ENSP00000410012,-1,ENSE00003520015,100111922,100111999,8,1257,1334,100111922,100111999,0,0,GAAGCCCTGCAAAGCATTGCCACGGACCCTGGACTGTATCAGATGCTGCCACGGTTCAGTACCTTTATCTCGGAGGGG,EALQSIATDPGLYQMLPRFSTFISEG,False
448,homo_sapiens,TAF6-206,ENSE00003546321,ENST00000440225,ENST00000440225,havana,havana_homo_sapiens,protein_coding,6.0,3.0,ENSG00000106290,ENSP00000410012,-1,ENSE00003546321,100111728,100111829,9,1335,1436,100111728,100111829,0,0,GTCCGTGTGAACGTGGTTCAGAACAACCTGGCCCTACTCATCTACCTGATGCGTATGGTGAAAGCGCTGATGGACAACCCCACGCTCTATCTAGAAAAATAC,VRVNVVQNNLALLIYLMRMVKALMDNPTLYLEKY,False
449,homo_sapiens,TAF6-206,ENSE00003600719,ENST00000440225,ENST00000440225,havana,havana_homo_sapiens,protein_coding,6.0,3.0,ENSG00000106290,ENSP00000410012,-1,ENSE00003600719,100111139,100111321,10,1437,1619,100111139,100111321,0,0,GTCCATGAGCTGATTCCAGCTGTGATGACCTGCATCGTGAGCAGACAGTTGTGCCTGCGACCAGATGTGGACAATCACTGGGCACTCCGAGACTTTGCTGCCCGCCTGGTGGCCCAGATCTGCAAGCATTTTAGCACAACCACTAACAACATCCAGTCCCGGATCACCAAGACCTTCACCAAG,VHELIPAVMTCIVSRQLCLRPDVDNHWALRDFAARLVAQICKHFSTTTNNIQSRITKTFTK,False
450,homo_sapiens,TAF6-206,ENSE00003680922,ENST00000440225,ENST00000440225,havana,havana_homo_sapiens,protein_coding,6.0,3.0,ENSG00000106290,ENSP00000410012,-1,ENSE00003680922,100110200,100110274,11,1620,1694,100110200,100110274,0,0,AGCTGGGTGGACGAGAAGACGCCCTGGACGACTCGTTATGGCTCCATCGCAGGCTTGGCTGAGCTGGGACACGAT,SWVDEKTPWTTRYGSIAGLAELGHD,False
451,homo_sapiens,TAF6-206,ENSE00003482704,ENST00000440225,ENST00000440225,havana,havana_homo_sapiens,protein_coding,6.0,3.0,ENSG00000106290,ENSP00000410012,-1,ENSE00003482704,100109948,100110073,12,1695,1820,100109948,100110073,0,0,GTTATCAAGACTCTGATTCTGCCCCGGCTGCAGCAGGAAGGGGAGCGGATCCGCAGTGTGCTGGACGGCCCTGTGCTGAGCAACATTGACCGGATTGGAGCAGACCATGTGCAGAGCCTCCTGCTG,VIKTLILPRLQQEGERIRSVLDGPVLSNIDRIGADHVQSLLL,False
452,homo_sapiens,TAF6-206,ENSE00003627676,ENST00000440225,ENST00000440225,havana,havana_homo_sapiens,protein_coding,6.0,3.0,ENSG00000106290,ENSP00000410012,-1,ENSE00003627676,100107926,100108123,13,1821,2018,100107926,100108123,0,0,CCCCGGCCCACGCTGACCCTCTCGCAGGCCCCACAGCCTGGCCCTCGCACCCCTGGCTTGCTGAAGGTTCCTGGCTCCATCGCACTTCCTGTCCAGACACTGGTGTCTGCACGAGCGGCTGCCCCACCACAGCCTTCCCCTCCTCCAACCAAGTTTATTGTAATGTCATCGTCCTCCAGCGCCCCATCCACCCAGCAG,PRPTLTLSQAPQPGPRTPGLLKVPGSIALPVQTLVSARAAAPPQPSPPPTKFIVMSSSSSAPSTQQ,False
453,homo_sapiens,TAF6-206,ENSE00001711425/ENSE00001937282/ENSE00003926498/ENSE00003932827/ENSE00003937765,ENST00000440225,ENST00000440225,havana,havana_homo_sapiens,protein_coding,6.0,3.0,ENSG00000106290,ENSP00000410012,-1,ENSE00001711425,100107085,100107623,14,2019,2396,100107246,100107623,0,-1,GTCCTGTCCCTCAGCACCTCGGCCCCCGGCTCAGGTTCCACCACCACTTCGCCCGTCACCACCACCGTCCCCAGCGTGCAGCCCATCGTCAAGTTGGTCTCCACCGCCACCACCGCACCCCCCAGCACTGCTCCCTCTGGTCCTGGGAGTGTCCAGAAGTACATCGTGGTCTCACTTCCCCCAACAGGGGAGGGCAAAGGAGGCCCCACCTCCCATCCTTCTCCAGTTCCTCCCCCGGCATCGTCCCCGTCCCCACTCAGCGGCAGTGCCCTTTGTGGGGGGAAGCAGGAGGCTGGGGACAGTCCCCCTCCAGCTCCAGGGACTCCAAAAGCCAATGGCTCCCAGCCCAACTCCGGCTCCCCTCAGCCTGCTCCGTGATGCTCCACCTGCCAGCCCCCGGATTCCCACACATGCAGACATGTACACACGTGCACGTACACACATGCATGCTCGCTAAGCGGAAGGAAGTTGTAGATTGCTTCCTTCATGTCACTTTCTTTTTAGATATTGTACAGCCAGTTTCTCAGAATAAAAGTTTG,VLSLSTSAPGSGSTTTSPVTTTVPSVQPIVKLVSTATTAPPSTAPSGPGSVQKYIVVSLPPTGEGKGGPTSHPSPVPPPASSPSPLSGSALCGGKQEAGDSPPPAPGTPKANGSQPNSGSPQPAP*,False
386,homo_sapiens,TAF6-213,ENSE00001911976/ENSE00003585151,ENST00000344095/ENST00000452041/ENST00000453269/ENST00000472509/ENST00000685280/ENST00000686580/ENST00000686777/ENST00000687137/ENST00000687410/ENST00000687447/ENST00000687969/ENST00000688343/ENST00000688498/ENST00000688640/ENST00000689754/ENST00000691370/ENST00000691681/ENST00000692466/ENST00000692927,ENST00000472509,havana,havana_homo_sapiens,protein_coding,6.0,1.0,ENSG00000106290,ENSP00000419760,-1,ENSE00001911976,100114054,100114558,1,350,505,100114054,100114209,-1,0,TAGTAGAGATGGGGTTTCTCCATGTTGGCCAGGCTGGTCTCGAATTCCTGACCTCAAGTGATCCGCCCGCCTCGTCCTCCCAAAGTGCTGGTGGGATTACAGGCGTGAGCCACTGAACCTGGCCCCAGCCCAGATTTGTATCTTTCTCTGTTACACCTCAGGGCTGACTCACGTGGGGATGGACATAAGACACTCGGAGTTCCTCCCCTGTCTCCACTGTCCTCCCTTTGTTGGCCCTCTCCCTGTGTCTCACGTTTCTTTTTCTTCTGCCTGCCCCGTTCCTCTGCCAGGGTCTCCGTCTCTCCACCGGGGGCTTCATCCTTCCAGGGAGGAGAAGAGGGACTCCAGAATGGCTGAGGAGAAGAAGCTGAAGCTTAGCAACACTGTGCTGCCCTCGGAGTCCATGAAGGTGGTGGCTGAATCCATGGGCATCGCCCAGATTCAGGAGGAGACCTGCCAGCTGCTAACGGATGAGGTCAGCTACCGCATCAAAGAGATCGCACAG,MAEEKKLKLSNTVLPSESMKVVAESMGIAQIQEETCQLLTDEVSYRIKEIAQ,False
387,homo_sapiens,TAF6-213,ENSE00003471681,ENST00000344095/ENST00000452041/ENST00000453269/ENST00000472509/ENST00000685280/ENST00000686580/ENST00000686777/ENST00000687137/ENST00000687410/ENST00000687447/ENST00000687969/ENST00000688343/ENST00000688498/ENST00000688640/ENST00000689754/ENST00000691370/ENST00000691681/ENST00000692466/ENST00000692927,ENST00000472509,havana,havana_homo_sapiens,protein_coding,6.0,1.0,ENSG00000106290,ENSP00000419760,-1,ENSE00003471681,100113868,100113954,2,506,592,100113868,100113954,0,0,GATGCCTTGAAGTTCATGCACATGGGGAAGCGGCAGAAGCTCACCACCAGTGACATTGACTACGCCTTGAAGCTAAAGAATGTCGAG,DALKFMHMGKRQKLTTSDIDYALKLKNVE,False
388,homo_sapiens,TAF6-213,ENSE00000824907,ENST00000344095/ENST00000452041/ENST00000453269/ENST00000472509/ENST00000685280/ENST00000686580/ENST00000686777/ENST00000687137/ENST00000687410/ENST00000687447/ENST00000687969/ENST00000688343/ENST00000688498/ENST00000688640/ENST00000689754/ENST00000691370/ENST00000691681/ENST00000692466/ENST00000692927,ENST00000472509,havana,havana_homo_sapiens,protein_coding,6.0,1.0,ENSG00000106290,ENSP00000419760,-1,ENSE00000824907,100113616,100113769,3,593,746,100113616,100113769,0,1,CCACTCTATGGCTTCCACGCCCAGGAGTTCATTCCTTTCCGCTTCGCCTCTGGTGGGGGCCGGGAGCTTTACTTCTATGAGGAGAAGGAGGTTGATCTGAGCGACATCATCAATACCCCTCTGCCCCGGGTGCCCCTGGACGTCTGCCTCAAAG,PLYGFHAQEFIPFRFASGGGRELYFYEEKEVDLSDIINTPLPRVPLDVCLKA,False
389,homo_sapiens,TAF6-213,ENSE00003786915,ENST00000344095/ENST00000452041/ENST00000453269/ENST00000472509/ENST00000685280/ENST00000686580/ENST00000686777/ENST00000687137/ENST00000687410/ENST00000687447/ENST00000687969/ENST00000688343/ENST00000688498/ENST00000688640/ENST00000689754/ENST00000691370/ENST00000691681/ENST00000692466/ENST00000692927,ENST00000472509,havana,havana_homo_sapiens,protein_coding,6.0,1.0,ENSG00000106290,ENSP00000419760,-1,ENSE00003786915,100113349,100113405,4,747,803,100113349,100113405,1,1,CTCATTGGCTGAGCATCGAGGGCTGCCAGCCAGCTATCCCCGAGAACCCGCCCCCAG,HWLSIEGCQPAIPENPPPA,False
390,homo_sapiens,TAF6-213,ENSE00003641538,ENST00000344095/ENST00000452041/ENST00000453269/ENST00000472509/ENST00000685280/ENST00000686580/ENST00000686777/ENST00000687137/ENST00000687410/ENST00000687447/ENST00000687969/ENST00000688343/ENST00000688498/ENST00000688640/ENST00000689754/ENST00000691370/ENST00000691681/ENST00000692466/ENST00000692927,ENST00000472509,havana,havana_homo_sapiens,protein_coding,6.0,1.0,ENSG00000106290,ENSP00000419760,-1,ENSE00003641538,100112798,100112917,5,804,923,100112798,100112917,1,1,CTCCCAAAGAGCAACAGAAGGCTGAAGCCACAGAACCCCTGAAGTCAGCCAAGCCAGGCCAGGAGGAAGACGGACCCCTGAAGGGCAAAGGTCAAGGGGCCACCACAGCCGACGGCAAAG,PKEQQKAEATEPLKSAKPGQEEDGPLKGKGQGATTADGKG,False
391,homo_sapiens,TAF6-213,ENSE00003468521,ENST00000344095/ENST00000452041/ENST00000453269/ENST00000472509/ENST00000685280/ENST00000686580/ENST00000686777/ENST00000687137/ENST00000687410/ENST00000687447/ENST00000687969/ENST00000688343/ENST00000688498/ENST00000688640/ENST00000689754/ENST00000691370/ENST00000691681/ENST00000692466/ENST00000692927,ENST00000472509,havana,havana_homo_sapiens,protein_coding,6.0,1.0,ENSG00000106290,ENSP00000419760,-1,ENSE00003468521,100112108,100112253,6,924,1069,100112108,100112253,1,0,GGAAAGAGAAGAAGGCGCCGCCCTTGCTGGAGGGGGCCCCCTTGCGACTGAAGCCCCGGAGCATCCACGAGTTGTCTGTGGAGCAGCAGCTCTACTACAAGGAGATCACCGAGGCCTGCGTGGGCTCCTGCGAGGCCAAGAGGGCG,KEKKAPPLLEGAPLRLKPRSIHELSVEQQLYYKEITEACVGSCEAKRA,False
392,homo_sapiens,TAF6-213,ENSE00003520015,ENST00000344095/ENST00000452041/ENST00000453269/ENST00000472509/ENST00000685280/ENST00000686580/ENST00000686777/ENST00000687137/ENST00000687410/ENST00000687447/ENST00000687969/ENST00000688343/ENST00000688498/ENST00000688640/ENST00000689754/ENST00000691370/ENST00000691681/ENST00000692466/ENST00000692927,ENST00000472509,havana,havana_homo_sapiens,protein_coding,6.0,1.0,ENSG00000106290,ENSP00000419760,-1,ENSE00003520015,100111922,100111999,7,1070,1147,100111922,100111999,0,0,GAAGCCCTGCAAAGCATTGCCACGGACCCTGGACTGTATCAGATGCTGCCACGGTTCAGTACCTTTATCTCGGAGGGG,EALQSIATDPGLYQMLPRFSTFISEG,False
393,homo_sapiens,TAF6-213,ENSE00003546321,ENST00000344095/ENST00000452041/ENST00000453269/ENST00000472509/ENST00000685280/ENST00000686580/ENST00000686777/ENST00000687137/ENST00000687410/ENST00000687447/ENST00000687969/ENST00000688343/ENST00000688498/ENST00000688640/ENST00000689754/ENST00000691370/ENST00000691681/ENST00000692466/ENST00000692927,ENST00000472509,havana,havana_homo_sapiens,protein_coding,6.0,1.0,ENSG00000106290,ENSP00000419760,-1,ENSE00003546321,100111728,100111829,8,1148,1249,100111728,100111829,0,0,GTCCGTGTGAACGTGGTTCAGAACAACCTGGCCCTACTCATCTACCTGATGCGTATGGTGAAAGCGCTGATGGACAACCCCACGCTCTATCTAGAAAAATAC,VRVNVVQNNLALLIYLMRMVKALMDNPTLYLEKY,False
394,homo_sapiens,TAF6-213,ENSE00003600719,ENST00000344095/ENST00000452041/ENST00000453269/ENST00000472509/ENST00000685280/ENST00000686580/ENST00000686777/ENST00000687137/ENST00000687410/ENST00000687447/ENST00000687969/ENST00000688343/ENST00000688498/ENST00000688640/ENST00000689754/ENST00000691370/ENST00000691681/ENST00000692466/ENST00000692927,ENST00000472509,havana,havana_homo_sapiens,protein_coding,6.0,1.0,ENSG00000106290,ENSP00000419760,-1,ENSE00003600719,100111139,100111321,9,1250,1432,100111139,100111321,0,0,GTCCATGAGCTGATTCCAGCTGTGATGACCTGCATCGTGAGCAGACAGTTGTGCCTGCGACCAGATGTGGACAATCACTGGGCACTCCGAGACTTTGCTGCCCGCCTGGTGGCCCAGATCTGCAAGCATTTTAGCACAACCACTAACAACATCCAGTCCCGGATCACCAAGACCTTCACCAAG,VHELIPAVMTCIVSRQLCLRPDVDNHWALRDFAARLVAQICKHFSTTTNNIQSRITKTFTK,False
395,homo_sapiens,TAF6-213,ENSE00003680922,ENST00000344095/ENST00000452041/ENST00000453269/ENST00000472509/ENST00000685280/ENST00000686580/ENST00000686777/ENST00000687137/ENST00000687410/ENST00000687447/ENST00000687969/ENST00000688343/ENST00000688498/ENST00000688640/ENST00000689754/ENST00000691370/ENST00000691681/ENST00000692466/ENST00000692927,ENST00000472509,havana,havana_homo_sapiens,protein_coding,6.0,1.0,ENSG00000106290,ENSP00000419760,-1,ENSE00003680922,100110200,100110274,10,1433,1507,100110200,100110274,0,0,AGCTGGGTGGACGAGAAGACGCCCTGGACGACTCGTTATGGCTCCATCGCAGGCTTGGCTGAGCTGGGACACGAT,SWVDEKTPWTTRYGSIAGLAELGHD,False
396,homo_sapiens,TAF6-213,ENSE00003482704,ENST00000344095/ENST00000452041/ENST00000453269/ENST00000472509/ENST00000685280/ENST00000686580/ENST00000686777/ENST00000687137/ENST00000687410/ENST00000687447/ENST00000687969/ENST00000688343/ENST00000688498/ENST00000688640/ENST00000689754/ENST00000691370/ENST00000691681/ENST00000692466/ENST00000692927,ENST00000472509,havana,havana_homo_sapiens,protein_coding,6.0,1.0,ENSG00000106290,ENSP00000419760,-1,ENSE00003482704,100109948,100110073,11,1508,1633,100109948,100110073,0,0,GTTATCAAGACTCTGATTCTGCCCCGGCTGCAGCAGGAAGGGGAGCGGATCCGCAGTGTGCTGGACGGCCCTGTGCTGAGCAACATTGACCGGATTGGAGCAGACCATGTGCAGAGCCTCCTGCTG,VIKTLILPRLQQEGERIRSVLDGPVLSNIDRIGADHVQSLLL,False
397,homo_sapiens,TAF6-213,ENSE00003507111,ENST00000344095/ENST00000452041/ENST00000453269/ENST00000472509/ENST00000685280/ENST00000686580/ENST00000686777/ENST00000687137/ENST00000687410/ENST00000687447/ENST00000687969/ENST00000688343/ENST00000688498/ENST00000688640/ENST00000689754/ENST00000691370/ENST00000691681/ENST00000692466/ENST00000692927,ENST00000472509,havana,havana_homo_sapiens,protein_coding,6.0,1.0,ENSG00000106290,ENSP00000419760,-1,ENSE00003507111,100108367,100108540,12,1634,1807,100108367,100108540,0,0,AAACACTGTGCTCCTGTTCTGGCAAAGCTGCGCCCACCGCCTGACAATCAGGACGCCTATCGGGCAGAATTCGGGTCCCTTGGGCCCCTCCTCTGCTCCCAGGTGGTCAAGGCTCGGGCCCAGGCTGCTCTGCAGGCTCAGCAGGTCAACAGGACCACTCTGACCATCACGCAG,KHCAPVLAKLRPPPDNQDAYRAEFGSLGPLLCSQVVKARAQAALQAQQVNRTTLTITQ,False
398,homo_sapiens,TAF6-213,ENSE00003627676,ENST00000344095/ENST00000452041/ENST00000453269/ENST00000472509/ENST00000685280/ENST00000686580/ENST00000686777/ENST00000687137/ENST00000687410/ENST00000687447/ENST00000687969/ENST00000688343/ENST00000688498/ENST00000688640/ENST00000689754/ENST00000691370/ENST00000691681/ENST00000692466/ENST00000692927,ENST00000472509,havana,havana_homo_sapiens,protein_coding,6.0,1.0,ENSG00000106290,ENSP00000419760,-1,ENSE00003627676,100107926,100108123,13,1808,2005,100107926,100108123,0,0,CCCCGGCCCACGCTGACCCTCTCGCAGGCCCCACAGCCTGGCCCTCGCACCCCTGGCTTGCTGAAGGTTCCTGGCTCCATCGCACTTCCTGTCCAGACACTGGTGTCTGCACGAGCGGCTGCCCCACCACAGCCTTCCCCTCCTCCAACCAAGTTTATTGTAATGTCATCGTCCTCCAGCGCCCCATCCACCCAGCAG,PRPTLTLSQAPQPGPRTPGLLKVPGSIALPVQTLVSARAAAPPQPSPPPTKFIVMSSSSSAPSTQQ,False
399,homo_sapiens,TAF6-213,ENSE00001711425/ENSE00001937282/ENSE00003926498/ENSE00003932827/ENSE00003937765,ENST00000344095/ENST00000452041/ENST00000453269/ENST00000472509/ENST00000685280/ENST00000686580/ENST00000686777/ENST00000687137/ENST00000687410/ENST00000687447/ENST00000687969/ENST00000688343/ENST00000688498/ENST00000688640/ENST00000689754/ENST00000691370/ENST00000691681/ENST00000692466/ENST00000692927,ENST00000472509,havana,havana_homo_sapiens,protein_coding,6.0,1.0,ENSG00000106290,ENSP00000419760,-1,ENSE00001711425,100107078,100107623,14,2006,2383,100107246,100107623,0,-1,GTCCTGTCCCTCAGCACCTCGGCCCCCGGCTCAGGTTCCACCACCACTTCGCCCGTCACCACCACCGTCCCCAGCGTGCAGCCCATCGTCAAGTTGGTCTCCACCGCCACCACCGCACCCCCCAGCACTGCTCCCTCTGGTCCTGGGAGTGTCCAGAAGTACATCGTGGTCTCACTTCCCCCAACAGGGGAGGGCAAAGGAGGCCCCACCTCCCATCCTTCTCCAGTTCCTCCCCCGGCATCGTCCCCGTCCCCACTCAGCGGCAGTGCCCTTTGTGGGGGGAAGCAGGAGGCTGGGGACAGTCCCCCTCCAGCTCCAGGGACTCCAAAAGCCAATGGCTCCCAGCCCAACTCCGGCTCCCCTCAGCCTGCTCCGTGATGCTCCACCTGCCAGCCCCCGGATTCCCACACATGCAGACATGTACACACGTGCACGTACACACATGCATGCTCGCTAAGCGGAAGGAAGTTGTAGATTGCTTCCTTCATGTCACTTTCTTTTTAGATATTGTACAGCCAGTTTCTCAGAATAAAAGTTTGGTTTGTA,VLSLSTSAPGSGSTTTSPVTTTVPSVQPIVKLVSTATTAPPSTAPSGPGSVQKYIVVSLPPTGEGKGGPTSHPSPVPPPASSPSPLSGSALCGGKQEAGDSPPPAPGTPKANGSQPNSGSPQPAP*,False
428,homo_sapiens,TAF6-216,ENSE00001911976/ENSE00003585151,ENST00000493322,ENST00000493322,havana,havana_homo_sapiens,protein_coding,6.0,3.0,ENSG00000106290,ENSP00000419555,-1,ENSE00001911976,100114054,100114268,2,537,692,100114054,100114209,-1,0,GGTCTCCGTCTCTCCACCGGGGGCTTCATCCTTCCAGGGAGGAGAAGAGGGACTCCAGAATGGCTGAGGAGAAGAAGCTGAAGCTTAGCAACACTGTGCTGCCCTCGGAGTCCATGAAGGTGGTGGCTGAATCCATGGGCATCGCCCAGATTCAGGAGGAGACCTGCCAGCTGCTAACGGATGAGGTCAGCTACCGCATCAAAGAGATCGCACAG,MAEEKKLKLSNTVLPSESMKVVAESMGIAQIQEETCQLLTDEVSYRIKEIAQ,False
429,homo_sapiens,TAF6-216,ENSE00003471681,ENST00000493322,ENST00000493322,havana,havana_homo_sapiens,protein_coding,6.0,3.0,ENSG00000106290,ENSP00000419555,-1,ENSE00003471681,100113868,100113954,3,693,779,100113868,100113954,0,0,GATGCCTTGAAGTTCATGCACATGGGGAAGCGGCAGAAGCTCACCACCAGTGACATTGACTACGCCTTGAAGCTAAAGAATGTCGAG,DALKFMHMGKRQKLTTSDIDYALKLKNVE,False
430,homo_sapiens,TAF6-216,ENSE00000824907,ENST00000493322,ENST00000493322,havana,havana_homo_sapiens,protein_coding,6.0,3.0,ENSG00000106290,ENSP00000419555,-1,ENSE00000824907,100113616,100113769,4,780,933,100113616,100113769,0,1,CCACTCTATGGCTTCCACGCCCAGGAGTTCATTCCTTTCCGCTTCGCCTCTGGTGGGGGCCGGGAGCTTTACTTCTATGAGGAGAAGGAGGTTGATCTGAGCGACATCATCAATACCCCTCTGCCCCGGGTGCCCCTGGACGTCTGCCTCAAAG,PLYGFHAQEFIPFRFASGGGRELYFYEEKEVDLSDIINTPLPRVPLDVCLKA,False
431,homo_sapiens,TAF6-216,ENSE00003786915,ENST00000493322,ENST00000493322,havana,havana_homo_sapiens,protein_coding,6.0,3.0,ENSG00000106290,ENSP00000419555,-1,ENSE00003786915,100113349,100113405,5,934,990,100113349,100113405,1,1,CTCATTGGCTGAGCATCGAGGGCTGCCAGCCAGCTATCCCCGAGAACCCGCCCCCAG,HWLSIEGCQPAIPENPPPA,False
432,homo_sapiens,TAF6-216,ENSE00003641538,ENST00000493322,ENST00000493322,havana,havana_homo_sapiens,protein_coding,6.0,3.0,ENSG00000106290,ENSP00000419555,-1,ENSE00003641538,100112798,100112917,6,991,1110,100112798,100112917,1,1,CTCCCAAAGAGCAACAGAAGGCTGAAGCCACAGAACCCCTGAAGTCAGCCAAGCCAGGCCAGGAGGAAGACGGACCCCTGAAGGGCAAAGGTCAAGGGGCCACCACAGCCGACGGCAAAG,PKEQQKAEATEPLKSAKPGQEEDGPLKGKGQGATTADGKG,False
433,homo_sapiens,TAF6-216,ENSE00003468521,ENST00000493322,ENST00000493322,havana,havana_homo_sapiens,protein_coding,6.0,3.0,ENSG00000106290,ENSP00000419555,-1,ENSE00003468521,100112108,100112253,7,1111,1256,100112108,100112253,1,0,GGAAAGAGAAGAAGGCGCCGCCCTTGCTGGAGGGGGCCCCCTTGCGACTGAAGCCCCGGAGCATCCACGAGTTGTCTGTGGAGCAGCAGCTCTACTACAAGGAGATCACCGAGGCCTGCGTGGGCTCCTGCGAGGCCAAGAGGGCG,KEKKAPPLLEGAPLRLKPRSIHELSVEQQLYYKEITEACVGSCEAKRA,False
434,homo_sapiens,TAF6-216,ENSE00003520015,ENST00000493322,ENST00000493322,havana,havana_homo_sapiens,protein_coding,6.0,3.0,ENSG00000106290,ENSP00000419555,-1,ENSE00003520015,100111922,100111999,8,1257,1334,100111922,100111999,0,0,GAAGCCCTGCAAAGCATTGCCACGGACCCTGGACTGTATCAGATGCTGCCACGGTTCAGTACCTTTATCTCGGAGGGG,EALQSIATDPGLYQMLPRFSTFISEG,False
435,homo_sapiens,TAF6-216,ENSE00003546321,ENST00000493322,ENST00000493322,havana,havana_homo_sapiens,protein_coding,6.0,3.0,ENSG00000106290,ENSP00000419555,-1,ENSE00003546321,100111728,100111829,9,1335,1436,100111728,100111829,0,0,GTCCGTGTGAACGTGGTTCAGAACAACCTGGCCCTACTCATCTACCTGATGCGTATGGTGAAAGCGCTGATGGACAACCCCACGCTCTATCTAGAAAAATAC,VRVNVVQNNLALLIYLMRMVKALMDNPTLYLEKY,False
436,homo_sapiens,TAF6-216,ENSE00003600719,ENST00000493322,ENST00000493322,havana,havana_homo_sapiens,protein_coding,6.0,3.0,ENSG00000106290,ENSP00000419555,-1,ENSE00003600719,100111139,100111321,10,1437,1619,100111139,100111321,0,0,GTCCATGAGCTGATTCCAGCTGTGATGACCTGCATCGTGAGCAGACAGTTGTGCCTGCGACCAGATGTGGACAATCACTGGGCACTCCGAGACTTTGCTGCCCGCCTGGTGGCCCAGATCTGCAAGCATTTTAGCACAACCACTAACAACATCCAGTCCCGGATCACCAAGACCTTCACCAAG,VHELIPAVMTCIVSRQLCLRPDVDNHWALRDFAARLVAQICKHFSTTTNNIQSRITKTFTK,False
437,homo_sapiens,TAF6-216,ENSE00003680922,ENST00000493322,ENST00000493322,havana,havana_homo_sapiens,protein_coding,6.0,3.0,ENSG00000106290,ENSP00000419555,-1,ENSE00003680922,100110200,100110274,11,1620,1694,100110200,100110274,0,0,AGCTGGGTGGACGAGAAGACGCCCTGGACGACTCGTTATGGCTCCATCGCAGGCTTGGCTGAGCTGGGACACGAT,SWVDEKTPWTTRYGSIAGLAELGHD,False
438,homo_sapiens,TAF6-216,ENSE00003482704,ENST00000493322,ENST00000493322,havana,havana_homo_sapiens,protein_coding,6.0,3.0,ENSG00000106290,ENSP00000419555,-1,ENSE00003482704,100109948,100110073,12,1695,1820,100109948,100110073,0,0,GTTATCAAGACTCTGATTCTGCCCCGGCTGCAGCAGGAAGGGGAGCGGATCCGCAGTGTGCTGGACGGCCCTGTGCTGAGCAACATTGACCGGATTGGAGCAGACCATGTGCAGAGCCTCCTGCTG,VIKTLILPRLQQEGERIRSVLDGPVLSNIDRIGADHVQSLLL,False
439,homo_sapiens,TAF6-216,ENSE00003507111,ENST00000493322,ENST00000493322,havana,havana_homo_sapiens,protein_coding,6.0,3.0,ENSG00000106290,ENSP00000419555,-1,ENSE00003507111,100108367,100108540,13,1821,1994,100108367,100108540,0,0,AAACACTGTGCTCCTGTTCTGGCAAAGCTGCGCCCACCGCCTGACAATCAGGACGCCTATCGGGCAGAATTCGGGTCCCTTGGGCCCCTCCTCTGCTCCCAGGTGGTCAAGGCTCGGGCCCAGGCTGCTCTGCAGGCTCAGCAGGTCAACAGGACCACTCTGACCATCACGCAG,KHCAPVLAKLRPPPDNQDAYRAEFGSLGPLLCSQVVKARAQAALQAQQVNRTTLTITQ,False
440,homo_sapiens,TAF6-216,ENSE00001711425/ENSE00001937282/ENSE00003926498/ENSE00003932827/ENSE00003937765,ENST00000493322,ENST00000493322,havana,havana_homo_sapiens,protein_coding,6.0,3.0,ENSG00000106290,ENSP00000419555,-1,ENSE00001711425,100107083,100107623,14,1995,2372,100107246,100107623,0,-1,GTCCTGTCCCTCAGCACCTCGGCCCCCGGCTCAGGTTCCACCACCACTTCGCCCGTCACCACCACCGTCCCCAGCGTGCAGCCCATCGTCAAGTTGGTCTCCACCGCCACCACCGCACCCCCCAGCACTGCTCCCTCTGGTCCTGGGAGTGTCCAGAAGTACATCGTGGTCTCACTTCCCCCAACAGGGGAGGGCAAAGGAGGCCCCACCTCCCATCCTTCTCCAGTTCCTCCCCCGGCATCGTCCCCGTCCCCACTCAGCGGCAGTGCCCTTTGTGGGGGGAAGCAGGAGGCTGGGGACAGTCCCCCTCCAGCTCCAGGGACTCCAAAAGCCAATGGCTCCCAGCCCAACTCCGGCTCCCCTCAGCCTGCTCCGTGATGCTCCACCTGCCAGCCCCCGGATTCCCACACATGCAGACATGTACACACGTGCACGTACACACATGCATGCTCGCTAAGCGGAAGGAAGTTGTAGATTGCTTCCTTCATGTCACTTTCTTTTTAGATATTGTACAGCCAGTTTCTCAGAATAAAAGTTTGGT,VLSLSTSAPGSGSTTTSPVTTTVPSVQPIVKLVSTATTAPPSTAPSGPGSVQKYIVVSLPPTGEGKGGPTSHPSPVPPPASSPSPLSGSALCGGKQEAGDSPPPAPGTPKANGSQPNSGSPQPAP*,False
177,homo_sapiens,TAF6-236,ENSE00001645858,ENST00000686172/ENST00000687151/ENST00000687672/ENST00000690367/ENST00000691010/ENST00000692408,ENST00000687672,havana,havana_homo_sapiens,protein_coding,1.0,,ENSG00000106290,ENSP00000509741,-1,ENSE00001645858,100114084,100114268,2,535,660,100114084,100114209,-1,0,GGTCTCCGTCTCTCCACCGGGGGCTTCATCCTTCCAGGGAGGAGAAGAGGGACTCCAGAATGGCTGAGGAGAAGAAGCTGAAGCTTAGCAACACTGTGCTGCCCTCGGAGTCCATGAAGGTGGTGGCTGAATCCATGGGCATCGCCCAGATTCAGGAGGAGACCTGCCAGCTGCTAACGGATGAG,MAEEKKLKLSNTVLPSESMKVVAESMGIAQIQEETCQLLTDE,False
178,homo_sapiens,TAF6-236,ENSE00003471681,ENST00000686172/ENST00000687151/ENST00000687672/ENST00000690367/ENST00000691010/ENST00000692408,ENST00000687672,havana,havana_homo_sapiens,protein_coding,1.0,,ENSG00000106290,ENSP00000509741,-1,ENSE00003471681,100113868,100113954,3,661,747,100113868,100113954,0,0,GATGCCTTGAAGTTCATGCACATGGGGAAGCGGCAGAAGCTCACCACCAGTGACATTGACTACGCCTTGAAGCTAAAGAATGTCGAG,DALKFMHMGKRQKLTTSDIDYALKLKNVE,False
179,homo_sapiens,TAF6-236,ENSE00000824907,ENST00000686172/ENST00000687151/ENST00000687672/ENST00000690367/ENST00000691010/ENST00000692408,ENST00000687672,havana,havana_homo_sapiens,protein_coding,1.0,,ENSG00000106290,ENSP00000509741,-1,ENSE00000824907,100113616,100113769,4,748,901,100113616,100113769,0,1,CCACTCTATGGCTTCCACGCCCAGGAGTTCATTCCTTTCCGCTTCGCCTCTGGTGGGGGCCGGGAGCTTTACTTCTATGAGGAGAAGGAGGTTGATCTGAGCGACATCATCAATACCCCTCTGCCCCGGGTGCCCCTGGACGTCTGCCTCAAAG,PLYGFHAQEFIPFRFASGGGRELYFYEEKEVDLSDIINTPLPRVPLDVCLKA,False
180,homo_sapiens,TAF6-236,ENSE00003786915,ENST00000686172/ENST00000687151/ENST00000687672/ENST00000690367/ENST00000691010/ENST00000692408,ENST00000687672,havana,havana_homo_sapiens,protein_coding,1.0,,ENSG00000106290,ENSP00000509741,-1,ENSE00003786915,100113349,100113405,5,902,958,100113349,100113405,1,1,CTCATTGGCTGAGCATCGAGGGCTGCCAGCCAGCTATCCCCGAGAACCCGCCCCCAG,HWLSIEGCQPAIPENPPPA,False
181,homo_sapiens,TAF6-236,ENSE00003641538,ENST00000686172/ENST00000687151/ENST00000687672/ENST00000690367/ENST00000691010/ENST00000692408,ENST00000687672,havana,havana_homo_sapiens,protein_coding,1.0,,ENSG00000106290,ENSP00000509741,-1,ENSE00003641538,100112798,100112917,6,959,1078,100112798,100112917,1,1,CTCCCAAAGAGCAACAGAAGGCTGAAGCCACAGAACCCCTGAAGTCAGCCAAGCCAGGCCAGGAGGAAGACGGACCCCTGAAGGGCAAAGGTCAAGGGGCCACCACAGCCGACGGCAAAG,PKEQQKAEATEPLKSAKPGQEEDGPLKGKGQGATTADGKG,False
182,homo_sapiens,TAF6-236,ENSE00003468521,ENST00000686172/ENST00000687151/ENST00000687672/ENST00000690367/ENST00000691010/ENST00000692408,ENST00000687672,havana,havana_homo_sapiens,protein_coding,1.0,,ENSG00000106290,ENSP00000509741,-1,ENSE00003468521,100112108,100112253,7,1079,1224,100112108,100112253,1,0,GGAAAGAGAAGAAGGCGCCGCCCTTGCTGGAGGGGGCCCCCTTGCGACTGAAGCCCCGGAGCATCCACGAGTTGTCTGTGGAGCAGCAGCTCTACTACAAGGAGATCACCGAGGCCTGCGTGGGCTCCTGCGAGGCCAAGAGGGCG,KEKKAPPLLEGAPLRLKPRSIHELSVEQQLYYKEITEACVGSCEAKRA,False
183,homo_sapiens,TAF6-236,ENSE00003520015,ENST00000686172/ENST00000687151/ENST00000687672/ENST00000690367/ENST00000691010/ENST00000692408,ENST00000687672,havana,havana_homo_sapiens,protein_coding,1.0,,ENSG00000106290,ENSP00000509741,-1,ENSE00003520015,100111922,100111999,8,1225,1302,100111922,100111999,0,0,GAAGCCCTGCAAAGCATTGCCACGGACCCTGGACTGTATCAGATGCTGCCACGGTTCAGTACCTTTATCTCGGAGGGG,EALQSIATDPGLYQMLPRFSTFISEG,False
184,homo_sapiens,TAF6-236,ENSE00003546321,ENST00000686172/ENST00000687151/ENST00000687672/ENST00000690367/ENST00000691010/ENST00000692408,ENST00000687672,havana,havana_homo_sapiens,protein_coding,1.0,,ENSG00000106290,ENSP00000509741,-1,ENSE00003546321,100111728,100111829,9,1303,1404,100111728,100111829,0,0,GTCCGTGTGAACGTGGTTCAGAACAACCTGGCCCTACTCATCTACCTGATGCGTATGGTGAAAGCGCTGATGGACAACCCCACGCTCTATCTAGAAAAATAC,VRVNVVQNNLALLIYLMRMVKALMDNPTLYLEKY,False
185,homo_sapiens,TAF6-236,ENSE00003600719,ENST00000686172/ENST00000687151/ENST00000687672/ENST00000690367/ENST00000691010/ENST00000692408,ENST00000687672,havana,havana_homo_sapiens,protein_coding,1.0,,ENSG00000106290,ENSP00000509741,-1,ENSE00003600719,100111139,100111321,10,1405,1587,100111139,100111321,0,0,GTCCATGAGCTGATTCCAGCTGTGATGACCTGCATCGTGAGCAGACAGTTGTGCCTGCGACCAGATGTGGACAATCACTGGGCACTCCGAGACTTTGCTGCCCGCCTGGTGGCCCAGATCTGCAAGCATTTTAGCACAACCACTAACAACATCCAGTCCCGGATCACCAAGACCTTCACCAAG,VHELIPAVMTCIVSRQLCLRPDVDNHWALRDFAARLVAQICKHFSTTTNNIQSRITKTFTK,False
186,homo_sapiens,TAF6-236,ENSE00003680922,ENST00000686172/ENST00000687151/ENST00000687672/ENST00000690367/ENST00000691010/ENST00000692408,ENST00000687672,havana,havana_homo_sapiens,protein_coding,1.0,,ENSG00000106290,ENSP00000509741,-1,ENSE00003680922,100110200,100110274,11,1588,1662,100110200,100110274,0,0,AGCTGGGTGGACGAGAAGACGCCCTGGACGACTCGTTATGGCTCCATCGCAGGCTTGGCTGAGCTGGGACACGAT,SWVDEKTPWTTRYGSIAGLAELGHD,False
187,homo_sapiens,TAF6-236,ENSE00003482704,ENST00000686172/ENST00000687151/ENST00000687672/ENST00000690367/ENST00000691010/ENST00000692408,ENST00000687672,havana,havana_homo_sapiens,protein_coding,1.0,,ENSG00000106290,ENSP00000509741,-1,ENSE00003482704,100109948,100110073,12,1663,1788,100109948,100110073,0,0,GTTATCAAGACTCTGATTCTGCCCCGGCTGCAGCAGGAAGGGGAGCGGATCCGCAGTGTGCTGGACGGCCCTGTGCTGAGCAACATTGACCGGATTGGAGCAGACCATGTGCAGAGCCTCCTGCTG,VIKTLILPRLQQEGERIRSVLDGPVLSNIDRIGADHVQSLLL,False
188,homo_sapiens,TAF6-236,ENSE00003507111,ENST00000686172/ENST00000687151/ENST00000687672/ENST00000690367/ENST00000691010/ENST00000692408,ENST00000687672,havana,havana_homo_sapiens,protein_coding,1.0,,ENSG00000106290,ENSP00000509741,-1,ENSE00003507111,100108367,100108540,13,1789,1962,100108367,100108540,0,0,AAACACTGTGCTCCTGTTCTGGCAAAGCTGCGCCCACCGCCTGACAATCAGGACGCCTATCGGGCAGAATTCGGGTCCCTTGGGCCCCTCCTCTGCTCCCAGGTGGTCAAGGCTCGGGCCCAGGCTGCTCTGCAGGCTCAGCAGGTCAACAGGACCACTCTGACCATCACGCAG,KHCAPVLAKLRPPPDNQDAYRAEFGSLGPLLCSQVVKARAQAALQAQQVNRTTLTITQ,False
189,homo_sapiens,TAF6-236,ENSE00003627676,ENST00000686172/ENST00000687151/ENST00000687672/ENST00000690367/ENST00000691010/ENST00000692408,ENST00000687672,havana,havana_homo_sapiens,protein_coding,1.0,,ENSG00000106290,ENSP00000509741,-1,ENSE00003627676,100107926,100108123,14,1963,2160,100107926,100108123,0,0,CCCCGGCCCACGCTGACCCTCTCGCAGGCCCCACAGCCTGGCCCTCGCACCCCTGGCTTGCTGAAGGTTCCTGGCTCCATCGCACTTCCTGTCCAGACACTGGTGTCTGCACGAGCGGCTGCCCCACCACAGCCTTCCCCTCCTCCAACCAAGTTTATTGTAATGTCATCGTCCTCCAGCGCCCCATCCACCCAGCAG,PRPTLTLSQAPQPGPRTPGLLKVPGSIALPVQTLVSARAAAPPQPSPPPTKFIVMSSSSSAPSTQQ,False
190,homo_sapiens,TAF6-236,ENSE00001711425/ENSE00001937282/ENSE00003926498/ENSE00003932827/ENSE00003937765,ENST00000686172/ENST00000687151/ENST00000687672/ENST00000690367/ENST00000691010/ENST00000692408,ENST00000687672,havana,havana_homo_sapiens,protein_coding,1.0,,ENSG00000106290,ENSP00000509741,-1,ENSE00001711425,100106876,100107623,15,2161,2538,100107246,100107623,0,-1,GTCCTGTCCCTCAGCACCTCGGCCCCCGGCTCAGGTTCCACCACCACTTCGCCCGTCACCACCACCGTCCCCAGCGTGCAGCCCATCGTCAAGTTGGTCTCCACCGCCACCACCGCACCCCCCAGCACTGCTCCCTCTGGTCCTGGGAGTGTCCAGAAGTACATCGTGGTCTCACTTCCCCCAACAGGGGAGGGCAAAGGAGGCCCCACCTCCCATCCTTCTCCAGTTCCTCCCCCGGCATCGTCCCCGTCCCCACTCAGCGGCAGTGCCCTTTGTGGGGGGAAGCAGGAGGCTGGGGACAGTCCCCCTCCAGCTCCAGGGACTCCAAAAGCCAATGGCTCCCAGCCCAACTCCGGCTCCCCTCAGCCTGCTCCGTGATGCTCCACCTGCCAGCCCCCGGATTCCCACACATGCAGACATGTACACACGTGCACGTACACACATGCATGCTCGCTAAGCGGAAGGAAGTTGTAGATTGCTTCCTTCATGTCACTTTCTTTTTAGATATTGTACAGCCAGTTTCTCAGAATAAAAGTTTGGTTTGTAAGTTCTGATCCACTGCAGTCCTTCCTGCATCAGATACCACAGAAAGGCTGGGCCCATTGCCCCCTCCTGGTCTTGGGACTGAGGACTCTTCCTGCCCAGATTCAGAGTCCGAAGGCCAGGAGGCTGGAAAAGAAACGACTGTCCTCCCGTGGGACAAACTGCCACCTTGGCCGTCGTGTCCTCGTTTGGGGAGCCTCAGATC,VLSLSTSAPGSGSTTTSPVTTTVPSVQPIVKLVSTATTAPPSTAPSGPGSVQKYIVVSLPPTGEGKGGPTSHPSPVPPPASSPSPLSGSALCGGKQEAGDSPPPAPGTPKANGSQPNSGSPQPAP*,False
108,homo_sapiens,TAF6-253,ENSE00001645858,ENST00000690206,ENST00000690206,havana,havana_homo_sapiens,protein_coding,1.0,,ENSG00000106290,ENSP00000508601,-1,ENSE00001645858,100114084,100114268,2,205,330,100114084,100114209,-1,0,GGTCTCCGTCTCTCCACCGGGGGCTTCATCCTTCCAGGGAGGAGAAGAGGGACTCCAGAATGGCTGAGGAGAAGAAGCTGAAGCTTAGCAACACTGTGCTGCCCTCGGAGTCCATGAAGGTGGTGGCTGAATCCATGGGCATCGCCCAGATTCAGGAGGAGACCTGCCAGCTGCTAACGGATGAG,MAEEKKLKLSNTVLPSESMKVVAESMGIAQIQEETCQLLTDE,False
109,homo_sapiens,TAF6-253,ENSE00003471681,ENST00000690206,ENST00000690206,havana,havana_homo_sapiens,protein_coding,1.0,,ENSG00000106290,ENSP00000508601,-1,ENSE00003471681,100113868,100113954,3,331,417,100113868,100113954,0,0,GATGCCTTGAAGTTCATGCACATGGGGAAGCGGCAGAAGCTCACCACCAGTGACATTGACTACGCCTTGAAGCTAAAGAATGTCGAG,DALKFMHMGKRQKLTTSDIDYALKLKNVE,False
110,homo_sapiens,TAF6-253,ENSE00000824907,ENST00000690206,ENST00000690206,havana,havana_homo_sapiens,protein_coding,1.0,,ENSG00000106290,ENSP00000508601,-1,ENSE00000824907,100113616,100113769,4,418,571,100113616,100113769,0,1,CCACTCTATGGCTTCCACGCCCAGGAGTTCATTCCTTTCCGCTTCGCCTCTGGTGGGGGCCGGGAGCTTTACTTCTATGAGGAGAAGGAGGTTGATCTGAGCGACATCATCAATACCCCTCTGCCCCGGGTGCCCCTGGACGTCTGCCTCAAAG,PLYGFHAQEFIPFRFASGGGRELYFYEEKEVDLSDIINTPLPRVPLDVCLKA,False
111,homo_sapiens,TAF6-253,ENSE00003641538,ENST00000690206,ENST00000690206,havana,havana_homo_sapiens,protein_coding,1.0,,ENSG00000106290,ENSP00000508601,-1,ENSE00003641538,100112798,100112917,5,572,691,100112798,100112917,1,1,CTCCCAAAGAGCAACAGAAGGCTGAAGCCACAGAACCCCTGAAGTCAGCCAAGCCAGGCCAGGAGGAAGACGGACCCCTGAAGGGCAAAGGTCAAGGGGCCACCACAGCCGACGGCAAAG,PKEQQKAEATEPLKSAKPGQEEDGPLKGKGQGATTADGKG,False
112,homo_sapiens,TAF6-253,ENSE00003468521,ENST00000690206,ENST00000690206,havana,havana_homo_sapiens,protein_coding,1.0,,ENSG00000106290,ENSP00000508601,-1,ENSE00003468521,100112108,100112253,6,692,837,100112108,100112253,1,0,GGAAAGAGAAGAAGGCGCCGCCCTTGCTGGAGGGGGCCCCCTTGCGACTGAAGCCCCGGAGCATCCACGAGTTGTCTGTGGAGCAGCAGCTCTACTACAAGGAGATCACCGAGGCCTGCGTGGGCTCCTGCGAGGCCAAGAGGGCG,KEKKAPPLLEGAPLRLKPRSIHELSVEQQLYYKEITEACVGSCEAKRA,False
113,homo_sapiens,TAF6-253,ENSE00003520015,ENST00000690206,ENST00000690206,havana,havana_homo_sapiens,protein_coding,1.0,,ENSG00000106290,ENSP00000508601,-1,ENSE00003520015,100111922,100111999,7,838,915,100111922,100111999,0,0,GAAGCCCTGCAAAGCATTGCCACGGACCCTGGACTGTATCAGATGCTGCCACGGTTCAGTACCTTTATCTCGGAGGGG,EALQSIATDPGLYQMLPRFSTFISEG,False
114,homo_sapiens,TAF6-253,ENSE00003546321,ENST00000690206,ENST00000690206,havana,havana_homo_sapiens,protein_coding,1.0,,ENSG00000106290,ENSP00000508601,-1,ENSE00003546321,100111728,100111829,8,916,1017,100111728,100111829,0,0,GTCCGTGTGAACGTGGTTCAGAACAACCTGGCCCTACTCATCTACCTGATGCGTATGGTGAAAGCGCTGATGGACAACCCCACGCTCTATCTAGAAAAATAC,VRVNVVQNNLALLIYLMRMVKALMDNPTLYLEKY,False
115,homo_sapiens,TAF6-253,ENSE00003600719,ENST00000690206,ENST00000690206,havana,havana_homo_sapiens,protein_coding,1.0,,ENSG00000106290,ENSP00000508601,-1,ENSE00003600719,100111139,100111321,9,1018,1200,100111139,100111321,0,0,GTCCATGAGCTGATTCCAGCTGTGATGACCTGCATCGTGAGCAGACAGTTGTGCCTGCGACCAGATGTGGACAATCACTGGGCACTCCGAGACTTTGCTGCCCGCCTGGTGGCCCAGATCTGCAAGCATTTTAGCACAACCACTAACAACATCCAGTCCCGGATCACCAAGACCTTCACCAAG,VHELIPAVMTCIVSRQLCLRPDVDNHWALRDFAARLVAQICKHFSTTTNNIQSRITKTFTK,False
116,homo_sapiens,TAF6-253,ENSE00003680922,ENST00000690206,ENST00000690206,havana,havana_homo_sapiens,protein_coding,1.0,,ENSG00000106290,ENSP00000508601,-1,ENSE00003680922,100110200,100110274,10,1201,1275,100110200,100110274,0,0,AGCTGGGTGGACGAGAAGACGCCCTGGACGACTCGTTATGGCTCCATCGCAGGCTTGGCTGAGCTGGGACACGAT,SWVDEKTPWTTRYGSIAGLAELGHD,False
117,homo_sapiens,TAF6-253,ENSE00003482704,ENST00000690206,ENST00000690206,havana,havana_homo_sapiens,protein_coding,1.0,,ENSG00000106290,ENSP00000508601,-1,ENSE00003482704,100109948,100110073,11,1276,1401,100109948,100110073,0,0,GTTATCAAGACTCTGATTCTGCCCCGGCTGCAGCAGGAAGGGGAGCGGATCCGCAGTGTGCTGGACGGCCCTGTGCTGAGCAACATTGACCGGATTGGAGCAGACCATGTGCAGAGCCTCCTGCTG,VIKTLILPRLQQEGERIRSVLDGPVLSNIDRIGADHVQSLLL,False
118,homo_sapiens,TAF6-253,ENSE00003507111,ENST00000690206,ENST00000690206,havana,havana_homo_sapiens,protein_coding,1.0,,ENSG00000106290,ENSP00000508601,-1,ENSE00003507111,100108367,100108540,12,1402,1575,100108367,100108540,0,0,AAACACTGTGCTCCTGTTCTGGCAAAGCTGCGCCCACCGCCTGACAATCAGGACGCCTATCGGGCAGAATTCGGGTCCCTTGGGCCCCTCCTCTGCTCCCAGGTGGTCAAGGCTCGGGCCCAGGCTGCTCTGCAGGCTCAGCAGGTCAACAGGACCACTCTGACCATCACGCAG,KHCAPVLAKLRPPPDNQDAYRAEFGSLGPLLCSQVVKARAQAALQAQQVNRTTLTITQ,False
119,homo_sapiens,TAF6-253,ENSE00003627676,ENST00000690206,ENST00000690206,havana,havana_homo_sapiens,protein_coding,1.0,,ENSG00000106290,ENSP00000508601,-1,ENSE00003627676,100107926,100108123,13,1576,1773,100107926,100108123,0,0,CCCCGGCCCACGCTGACCCTCTCGCAGGCCCCACAGCCTGGCCCTCGCACCCCTGGCTTGCTGAAGGTTCCTGGCTCCATCGCACTTCCTGTCCAGACACTGGTGTCTGCACGAGCGGCTGCCCCACCACAGCCTTCCCCTCCTCCAACCAAGTTTATTGTAATGTCATCGTCCTCCAGCGCCCCATCCACCCAGCAG,PRPTLTLSQAPQPGPRTPGLLKVPGSIALPVQTLVSARAAAPPQPSPPPTKFIVMSSSSSAPSTQQ,False
120,homo_sapiens,TAF6-253,ENSE00001711425/ENSE00001937282/ENSE00003926498/ENSE00003932827/ENSE00003937765,ENST00000690206,ENST00000690206,havana,havana_homo_sapiens,protein_coding,1.0,,ENSG00000106290,ENSP00000508601,-1,ENSE00001711425,100106876,100107623,14,1774,2151,100107246,100107623,0,-1,GTCCTGTCCCTCAGCACCTCGGCCCCCGGCTCAGGTTCCACCACCACTTCGCCCGTCACCACCACCGTCCCCAGCGTGCAGCCCATCGTCAAGTTGGTCTCCACCGCCACCACCGCACCCCCCAGCACTGCTCCCTCTGGTCCTGGGAGTGTCCAGAAGTACATCGTGGTCTCACTTCCCCCAACAGGGGAGGGCAAAGGAGGCCCCACCTCCCATCCTTCTCCAGTTCCTCCCCCGGCATCGTCCCCGTCCCCACTCAGCGGCAGTGCCCTTTGTGGGGGGAAGCAGGAGGCTGGGGACAGTCCCCCTCCAGCTCCAGGGACTCCAAAAGCCAATGGCTCCCAGCCCAACTCCGGCTCCCCTCAGCCTGCTCCGTGATGCTCCACCTGCCAGCCCCCGGATTCCCACACATGCAGACATGTACACACGTGCACGTACACACATGCATGCTCGCTAAGCGGAAGGAAGTTGTAGATTGCTTCCTTCATGTCACTTTCTTTTTAGATATTGTACAGCCAGTTTCTCAGAATAAAAGTTTGGTTTGTAAGTTCTGATCCACTGCAGTCCTTCCTGCATCAGATACCACAGAAAGGCTGGGCCCATTGCCCCCTCCTGGTCTTGGGACTGAGGACTCTTCCTGCCCAGATTCAGAGTCCGAAGGCCAGGAGGCTGGAAAAGAAACGACTGTCCTCCCGTGGGACAAACTGCCACCTTGGCCGTCGTGTCCTCGTTTGGGGAGCCTCAGATC,VLSLSTSAPGSGSTTTSPVTTTVPSVQPIVKLVSTATTAPPSTAPSGPGSVQKYIVVSLPPTGEGKGGPTSHPSPVPPPASSPSPLSGSALCGGKQEAGDSPPPAPGTPKANGSQPNSGSPQPAP*,False
454,homo_sapiens,TAF6-258,ENSE00001911976/ENSE00003585151,ENST00000690962,ENST00000690962,havana,havana_homo_sapiens,protein_coding,1.0,,ENSG00000106290,ENSP00000509249,-1,ENSE00001911976,100114054,100114268,3,671,826,100114054,100114209,-1,0,GGTCTCCGTCTCTCCACCGGGGGCTTCATCCTTCCAGGGAGGAGAAGAGGGACTCCAGAATGGCTGAGGAGAAGAAGCTGAAGCTTAGCAACACTGTGCTGCCCTCGGAGTCCATGAAGGTGGTGGCTGAATCCATGGGCATCGCCCAGATTCAGGAGGAGACCTGCCAGCTGCTAACGGATGAGGTCAGCTACCGCATCAAAGAGATCGCACAG,MAEEKKLKLSNTVLPSESMKVVAESMGIAQIQEETCQLLTDEVSYRIKEIAQ,False
455,homo_sapiens,TAF6-258,ENSE00003471681,ENST00000690962,ENST00000690962,havana,havana_homo_sapiens,protein_coding,1.0,,ENSG00000106290,ENSP00000509249,-1,ENSE00003471681,100113868,100113954,4,827,913,100113868,100113954,0,0,GATGCCTTGAAGTTCATGCACATGGGGAAGCGGCAGAAGCTCACCACCAGTGACATTGACTACGCCTTGAAGCTAAAGAATGTCGAG,DALKFMHMGKRQKLTTSDIDYALKLKNVE,False
456,homo_sapiens,TAF6-258,ENSE00000824907,ENST00000690962,ENST00000690962,havana,havana_homo_sapiens,protein_coding,1.0,,ENSG00000106290,ENSP00000509249,-1,ENSE00000824907,100113616,100113769,5,914,1067,100113616,100113769,0,1,CCACTCTATGGCTTCCACGCCCAGGAGTTCATTCCTTTCCGCTTCGCCTCTGGTGGGGGCCGGGAGCTTTACTTCTATGAGGAGAAGGAGGTTGATCTGAGCGACATCATCAATACCCCTCTGCCCCGGGTGCCCCTGGACGTCTGCCTCAAAG,PLYGFHAQEFIPFRFASGGGRELYFYEEKEVDLSDIINTPLPRVPLDVCLKA,False
457,homo_sapiens,TAF6-258,ENSE00003786915,ENST00000690962,ENST00000690962,havana,havana_homo_sapiens,protein_coding,1.0,,ENSG00000106290,ENSP00000509249,-1,ENSE00003786915,100113349,100113405,6,1068,1124,100113349,100113405,1,1,CTCATTGGCTGAGCATCGAGGGCTGCCAGCCAGCTATCCCCGAGAACCCGCCCCCAG,HWLSIEGCQPAIPENPPPA,False
458,homo_sapiens,TAF6-258,ENSE00003641538,ENST00000690962,ENST00000690962,havana,havana_homo_sapiens,protein_coding,1.0,,ENSG00000106290,ENSP00000509249,-1,ENSE00003641538,100112798,100112917,7,1125,1244,100112798,100112917,1,1,CTCCCAAAGAGCAACAGAAGGCTGAAGCCACAGAACCCCTGAAGTCAGCCAAGCCAGGCCAGGAGGAAGACGGACCCCTGAAGGGCAAAGGTCAAGGGGCCACCACAGCCGACGGCAAAG,PKEQQKAEATEPLKSAKPGQEEDGPLKGKGQGATTADGKG,False
459,homo_sapiens,TAF6-258,ENSE00003468521,ENST00000690962,ENST00000690962,havana,havana_homo_sapiens,protein_coding,1.0,,ENSG00000106290,ENSP00000509249,-1,ENSE00003468521,100112108,100112253,8,1245,1390,100112108,100112253,1,0,GGAAAGAGAAGAAGGCGCCGCCCTTGCTGGAGGGGGCCCCCTTGCGACTGAAGCCCCGGAGCATCCACGAGTTGTCTGTGGAGCAGCAGCTCTACTACAAGGAGATCACCGAGGCCTGCGTGGGCTCCTGCGAGGCCAAGAGGGCG,KEKKAPPLLEGAPLRLKPRSIHELSVEQQLYYKEITEACVGSCEAKRA,False
460,homo_sapiens,TAF6-258,ENSE00003520015,ENST00000690962,ENST00000690962,havana,havana_homo_sapiens,protein_coding,1.0,,ENSG00000106290,ENSP00000509249,-1,ENSE00003520015,100111922,100111999,9,1391,1468,100111922,100111999,0,0,GAAGCCCTGCAAAGCATTGCCACGGACCCTGGACTGTATCAGATGCTGCCACGGTTCAGTACCTTTATCTCGGAGGGG,EALQSIATDPGLYQMLPRFSTFISEG,False
461,homo_sapiens,TAF6-258,ENSE00003546321,ENST00000690962,ENST00000690962,havana,havana_homo_sapiens,protein_coding,1.0,,ENSG00000106290,ENSP00000509249,-1,ENSE00003546321,100111728,100111829,10,1469,1570,100111728,100111829,0,0,GTCCGTGTGAACGTGGTTCAGAACAACCTGGCCCTACTCATCTACCTGATGCGTATGGTGAAAGCGCTGATGGACAACCCCACGCTCTATCTAGAAAAATAC,VRVNVVQNNLALLIYLMRMVKALMDNPTLYLEKY,False
462,homo_sapiens,TAF6-258,ENSE00003600719,ENST00000690962,ENST00000690962,havana,havana_homo_sapiens,protein_coding,1.0,,ENSG00000106290,ENSP00000509249,-1,ENSE00003600719,100111139,100111321,11,1571,1753,100111139,100111321,0,0,GTCCATGAGCTGATTCCAGCTGTGATGACCTGCATCGTGAGCAGACAGTTGTGCCTGCGACCAGATGTGGACAATCACTGGGCACTCCGAGACTTTGCTGCCCGCCTGGTGGCCCAGATCTGCAAGCATTTTAGCACAACCACTAACAACATCCAGTCCCGGATCACCAAGACCTTCACCAAG,VHELIPAVMTCIVSRQLCLRPDVDNHWALRDFAARLVAQICKHFSTTTNNIQSRITKTFTK,False
463,homo_sapiens,TAF6-258,ENSE00003680922,ENST00000690962,ENST00000690962,havana,havana_homo_sapiens,protein_coding,1.0,,ENSG00000106290,ENSP00000509249,-1,ENSE00003680922,100110200,100110274,12,1754,1828,100110200,100110274,0,0,AGCTGGGTGGACGAGAAGACGCCCTGGACGACTCGTTATGGCTCCATCGCAGGCTTGGCTGAGCTGGGACACGAT,SWVDEKTPWTTRYGSIAGLAELGHD,False
464,homo_sapiens,TAF6-258,ENSE00003482704,ENST00000690962,ENST00000690962,havana,havana_homo_sapiens,protein_coding,1.0,,ENSG00000106290,ENSP00000509249,-1,ENSE00003482704,100109948,100110073,13,1829,1954,100109948,100110073,0,0,GTTATCAAGACTCTGATTCTGCCCCGGCTGCAGCAGGAAGGGGAGCGGATCCGCAGTGTGCTGGACGGCCCTGTGCTGAGCAACATTGACCGGATTGGAGCAGACCATGTGCAGAGCCTCCTGCTG,VIKTLILPRLQQEGERIRSVLDGPVLSNIDRIGADHVQSLLL,False
465,homo_sapiens,TAF6-258,ENSE00003507111,ENST00000690962,ENST00000690962,havana,havana_homo_sapiens,protein_coding,1.0,,ENSG00000106290,ENSP00000509249,-1,ENSE00003507111,100108367,100108540,14,1955,2128,100108367,100108540,0,0,AAACACTGTGCTCCTGTTCTGGCAAAGCTGCGCCCACCGCCTGACAATCAGGACGCCTATCGGGCAGAATTCGGGTCCCTTGGGCCCCTCCTCTGCTCCCAGGTGGTCAAGGCTCGGGCCCAGGCTGCTCTGCAGGCTCAGCAGGTCAACAGGACCACTCTGACCATCACGCAG,KHCAPVLAKLRPPPDNQDAYRAEFGSLGPLLCSQVVKARAQAALQAQQVNRTTLTITQ,False
466,homo_sapiens,TAF6-258,ENSE00003928481,ENST00000690962,ENST00000690962,havana,havana_homo_sapiens,protein_coding,1.0,,ENSG00000106290,ENSP00000509249,-1,ENSE00003928481,100107926,100108096,15,2129,2299,100107926,100108096,0,0,GCCCCACAGCCTGGCCCTCGCACCCCTGGCTTGCTGAAGGTTCCTGGCTCCATCGCACTTCCTGTCCAGACACTGGTGTCTGCACGAGCGGCTGCCCCACCACAGCCTTCCCCTCCTCCAACCAAGTTTATTGTAATGTCATCGTCCTCCAGCGCCCCATCCACCCAGCAG,APQPGPRTPGLLKVPGSIALPVQTLVSARAAAPPQPSPPPTKFIVMSSSSSAPSTQQ,False
467,homo_sapiens,TAF6-258,ENSE00001711425/ENSE00001937282/ENSE00003926498/ENSE00003932827/ENSE00003937765,ENST00000690962,ENST00000690962,havana,havana_homo_sapiens,protein_coding,1.0,,ENSG00000106290,ENSP00000509249,-1,ENSE00001711425,100107085,100107623,16,2300,2677,100107246,100107623,0,-1,GTCCTGTCCCTCAGCACCTCGGCCCCCGGCTCAGGTTCCACCACCACTTCGCCCGTCACCACCACCGTCCCCAGCGTGCAGCCCATCGTCAAGTTGGTCTCCACCGCCACCACCGCACCCCCCAGCACTGCTCCCTCTGGTCCTGGGAGTGTCCAGAAGTACATCGTGGTCTCACTTCCCCCAACAGGGGAGGGCAAAGGAGGCCCCACCTCCCATCCTTCTCCAGTTCCTCCCCCGGCATCGTCCCCGTCCCCACTCAGCGGCAGTGCCCTTTGTGGGGGGAAGCAGGAGGCTGGGGACAGTCCCCCTCCAGCTCCAGGGACTCCAAAAGCCAATGGCTCCCAGCCCAACTCCGGCTCCCCTCAGCCTGCTCCGTGATGCTCCACCTGCCAGCCCCCGGATTCCCACACATGCAGACATGTACACACGTGCACGTACACACATGCATGCTCGCTAAGCGGAAGGAAGTTGTAGATTGCTTCCTTCATGTCACTTTCTTTTTAGATATTGTACAGCCAGTTTCTCAGAATAAAAGTTTG,VLSLSTSAPGSGSTTTSPVTTTVPSVQPIVKLVSTATTAPPSTAPSGPGSVQKYIVVSLPPTGEGKGGPTSHPSPVPPPASSPSPLSGSALCGGKQEAGDSPPPAPGTPKANGSQPNSGSPQPAP*,False
55,homo_sapiens,TAF6-261,ENSE00001911976/ENSE00003585151,ENST00000687216/ENST00000688086/ENST00000689284/ENST00000691413/ENST00000693225,ENST00000691413,havana,havana_homo_sapiens,protein_coding,1.0,,ENSG00000106290,ENSP00000509680,-1,ENSE00001911976,100114054,100114268,3,615,770,100114054,100114209,-1,0,GGTCTCCGTCTCTCCACCGGGGGCTTCATCCTTCCAGGGAGGAGAAGAGGGACTCCAGAATGGCTGAGGAGAAGAAGCTGAAGCTTAGCAACACTGTGCTGCCCTCGGAGTCCATGAAGGTGGTGGCTGAATCCATGGGCATCGCCCAGATTCAGGAGGAGACCTGCCAGCTGCTAACGGATGAGGTCAGCTACCGCATCAAAGAGATCGCACAG,MAEEKKLKLSNTVLPSESMKVVAESMGIAQIQEETCQLLTDEVSYRIKEIAQ,False
56,homo_sapiens,TAF6-261,ENSE00003471681,ENST00000687216/ENST00000688086/ENST00000689284/ENST00000691413/ENST00000693225,ENST00000691413,havana,havana_homo_sapiens,protein_coding,1.0,,ENSG00000106290,ENSP00000509680,-1,ENSE00003471681,100113868,100113954,4,771,857,100113868,100113954,0,0,GATGCCTTGAAGTTCATGCACATGGGGAAGCGGCAGAAGCTCACCACCAGTGACATTGACTACGCCTTGAAGCTAAAGAATGTCGAG,DALKFMHMGKRQKLTTSDIDYALKLKNVE,False
57,homo_sapiens,TAF6-261,ENSE00000824907,ENST00000687216/ENST00000688086/ENST00000689284/ENST00000691413/ENST00000693225,ENST00000691413,havana,havana_homo_sapiens,protein_coding,1.0,,ENSG00000106290,ENSP00000509680,-1,ENSE00000824907,100113616,100113769,5,858,1011,100113616,100113769,0,1,CCACTCTATGGCTTCCACGCCCAGGAGTTCATTCCTTTCCGCTTCGCCTCTGGTGGGGGCCGGGAGCTTTACTTCTATGAGGAGAAGGAGGTTGATCTGAGCGACATCATCAATACCCCTCTGCCCCGGGTGCCCCTGGACGTCTGCCTCAAAG,PLYGFHAQEFIPFRFASGGGRELYFYEEKEVDLSDIINTPLPRVPLDVCLKA,False
58,homo_sapiens,TAF6-261,ENSE00003641538,ENST00000687216/ENST00000688086/ENST00000689284/ENST00000691413/ENST00000693225,ENST00000691413,havana,havana_homo_sapiens,protein_coding,1.0,,ENSG00000106290,ENSP00000509680,-1,ENSE00003641538,100112798,100112917,6,1012,1131,100112798,100112917,1,1,CTCCCAAAGAGCAACAGAAGGCTGAAGCCACAGAACCCCTGAAGTCAGCCAAGCCAGGCCAGGAGGAAGACGGACCCCTGAAGGGCAAAGGTCAAGGGGCCACCACAGCCGACGGCAAAG,PKEQQKAEATEPLKSAKPGQEEDGPLKGKGQGATTADGKG,False
59,homo_sapiens,TAF6-261,ENSE00003468521,ENST00000687216/ENST00000688086/ENST00000689284/ENST00000691413/ENST00000693225,ENST00000691413,havana,havana_homo_sapiens,protein_coding,1.0,,ENSG00000106290,ENSP00000509680,-1,ENSE00003468521,100112108,100112253,7,1132,1277,100112108,100112253,1,0,GGAAAGAGAAGAAGGCGCCGCCCTTGCTGGAGGGGGCCCCCTTGCGACTGAAGCCCCGGAGCATCCACGAGTTGTCTGTGGAGCAGCAGCTCTACTACAAGGAGATCACCGAGGCCTGCGTGGGCTCCTGCGAGGCCAAGAGGGCG,KEKKAPPLLEGAPLRLKPRSIHELSVEQQLYYKEITEACVGSCEAKRA,False
60,homo_sapiens,TAF6-261,ENSE00003520015,ENST00000687216/ENST00000688086/ENST00000689284/ENST00000691413/ENST00000693225,ENST00000691413,havana,havana_homo_sapiens,protein_coding,1.0,,ENSG00000106290,ENSP00000509680,-1,ENSE00003520015,100111922,100111999,8,1278,1355,100111922,100111999,0,0,GAAGCCCTGCAAAGCATTGCCACGGACCCTGGACTGTATCAGATGCTGCCACGGTTCAGTACCTTTATCTCGGAGGGG,EALQSIATDPGLYQMLPRFSTFISEG,False
61,homo_sapiens,TAF6-261,ENSE00003546321,ENST00000687216/ENST00000688086/ENST00000689284/ENST00000691413/ENST00000693225,ENST00000691413,havana,havana_homo_sapiens,protein_coding,1.0,,ENSG00000106290,ENSP00000509680,-1,ENSE00003546321,100111728,100111829,9,1356,1457,100111728,100111829,0,0,GTCCGTGTGAACGTGGTTCAGAACAACCTGGCCCTACTCATCTACCTGATGCGTATGGTGAAAGCGCTGATGGACAACCCCACGCTCTATCTAGAAAAATAC,VRVNVVQNNLALLIYLMRMVKALMDNPTLYLEKY,False
62,homo_sapiens,TAF6-261,ENSE00003600719,ENST00000687216/ENST00000688086/ENST00000689284/ENST00000691413/ENST00000693225,ENST00000691413,havana,havana_homo_sapiens,protein_coding,1.0,,ENSG00000106290,ENSP00000509680,-1,ENSE00003600719,100111139,100111321,10,1458,1640,100111139,100111321,0,0,GTCCATGAGCTGATTCCAGCTGTGATGACCTGCATCGTGAGCAGACAGTTGTGCCTGCGACCAGATGTGGACAATCACTGGGCACTCCGAGACTTTGCTGCCCGCCTGGTGGCCCAGATCTGCAAGCATTTTAGCACAACCACTAACAACATCCAGTCCCGGATCACCAAGACCTTCACCAAG,VHELIPAVMTCIVSRQLCLRPDVDNHWALRDFAARLVAQICKHFSTTTNNIQSRITKTFTK,False
63,homo_sapiens,TAF6-261,ENSE00003680922,ENST00000687216/ENST00000688086/ENST00000689284/ENST00000691413/ENST00000693225,ENST00000691413,havana,havana_homo_sapiens,protein_coding,1.0,,ENSG00000106290,ENSP00000509680,-1,ENSE00003680922,100110200,100110274,11,1641,1715,100110200,100110274,0,0,AGCTGGGTGGACGAGAAGACGCCCTGGACGACTCGTTATGGCTCCATCGCAGGCTTGGCTGAGCTGGGACACGAT,SWVDEKTPWTTRYGSIAGLAELGHD,False
64,homo_sapiens,TAF6-261,ENSE00003482704,ENST00000687216/ENST00000688086/ENST00000689284/ENST00000691413/ENST00000693225,ENST00000691413,havana,havana_homo_sapiens,protein_coding,1.0,,ENSG00000106290,ENSP00000509680,-1,ENSE00003482704,100109948,100110073,12,1716,1841,100109948,100110073,0,0,GTTATCAAGACTCTGATTCTGCCCCGGCTGCAGCAGGAAGGGGAGCGGATCCGCAGTGTGCTGGACGGCCCTGTGCTGAGCAACATTGACCGGATTGGAGCAGACCATGTGCAGAGCCTCCTGCTG,VIKTLILPRLQQEGERIRSVLDGPVLSNIDRIGADHVQSLLL,False
65,homo_sapiens,TAF6-261,ENSE00003507111,ENST00000687216/ENST00000688086/ENST00000689284/ENST00000691413/ENST00000693225,ENST00000691413,havana,havana_homo_sapiens,protein_coding,1.0,,ENSG00000106290,ENSP00000509680,-1,ENSE00003507111,100108367,100108540,13,1842,2015,100108367,100108540,0,0,AAACACTGTGCTCCTGTTCTGGCAAAGCTGCGCCCACCGCCTGACAATCAGGACGCCTATCGGGCAGAATTCGGGTCCCTTGGGCCCCTCCTCTGCTCCCAGGTGGTCAAGGCTCGGGCCCAGGCTGCTCTGCAGGCTCAGCAGGTCAACAGGACCACTCTGACCATCACGCAG,KHCAPVLAKLRPPPDNQDAYRAEFGSLGPLLCSQVVKARAQAALQAQQVNRTTLTITQ,False
66,homo_sapiens,TAF6-261,ENSE00003627676,ENST00000687216/ENST00000688086/ENST00000689284/ENST00000691413/ENST00000693225,ENST00000691413,havana,havana_homo_sapiens,protein_coding,1.0,,ENSG00000106290,ENSP00000509680,-1,ENSE00003627676,100107926,100108123,14,2016,2213,100107926,100108123,0,0,CCCCGGCCCACGCTGACCCTCTCGCAGGCCCCACAGCCTGGCCCTCGCACCCCTGGCTTGCTGAAGGTTCCTGGCTCCATCGCACTTCCTGTCCAGACACTGGTGTCTGCACGAGCGGCTGCCCCACCACAGCCTTCCCCTCCTCCAACCAAGTTTATTGTAATGTCATCGTCCTCCAGCGCCCCATCCACCCAGCAG,PRPTLTLSQAPQPGPRTPGLLKVPGSIALPVQTLVSARAAAPPQPSPPPTKFIVMSSSSSAPSTQQ,False
67,homo_sapiens,TAF6-261,ENSE00001711425/ENSE00001937282/ENSE00003926498/ENSE00003932827/ENSE00003937765,ENST00000687216/ENST00000688086/ENST00000689284/ENST00000691413/ENST00000693225,ENST00000691413,havana,havana_homo_sapiens,protein_coding,1.0,,ENSG00000106290,ENSP00000509680,-1,ENSE00001711425,100106876,100107623,15,2214,2591,100107246,100107623,0,-1,GTCCTGTCCCTCAGCACCTCGGCCCCCGGCTCAGGTTCCACCACCACTTCGCCCGTCACCACCACCGTCCCCAGCGTGCAGCCCATCGTCAAGTTGGTCTCCACCGCCACCACCGCACCCCCCAGCACTGCTCCCTCTGGTCCTGGGAGTGTCCAGAAGTACATCGTGGTCTCACTTCCCCCAACAGGGGAGGGCAAAGGAGGCCCCACCTCCCATCCTTCTCCAGTTCCTCCCCCGGCATCGTCCCCGTCCCCACTCAGCGGCAGTGCCCTTTGTGGGGGGAAGCAGGAGGCTGGGGACAGTCCCCCTCCAGCTCCAGGGACTCCAAAAGCCAATGGCTCCCAGCCCAACTCCGGCTCCCCTCAGCCTGCTCCGTGATGCTCCACCTGCCAGCCCCCGGATTCCCACACATGCAGACATGTACACACGTGCACGTACACACATGCATGCTCGCTAAGCGGAAGGAAGTTGTAGATTGCTTCCTTCATGTCACTTTCTTTTTAGATATTGTACAGCCAGTTTCTCAGAATAAAAGTTTGGTTTGTAAGTTCTGATCCACTGCAGTCCTTCCTGCATCAGATACCACAGAAAGGCTGGGCCCATTGCCCCCTCCTGGTCTTGGGACTGAGGACTCTTCCTGCCCAGATTCAGAGTCCGAAGGCCAGGAGGCTGGAAAAGAAACGACTGTCCTCCCGTGGGACAAACTGCCACCTTGGCCGTCGTGTCCTCGTTTGGGGAGCCTCAGATC,VLSLSTSAPGSGSTTTSPVTTTVPSVQPIVKLVSTATTAPPSTAPSGPGSVQKYIVVSLPPTGEGKGGPTSHPSPVPPPASSPSPLSGSALCGGKQEAGDSPPPAPGTPKANGSQPNSGSPQPAP*,False
497,mus_musculus,Taf6-202,ENSMUSE00001259181,ENSMUST00000048698/ENSMUST00000110936,ENSMUST00000110936,havana,havana_mus_musculus,protein_coding,8.0,1.0,ENSMUSG00000036980,ENSMUSP00000106561,-1,ENSMUSE00001259181,138182594,138182809,2,122,277,138182594,138182749,-1,0,GATCTCCATCTTTCCATCCTGGGGAGGCATCCTTCCAGGGACAGGAGCTGGAATTCCAGCATGGCCGAGGAGAAGAAACTGAAACTCAGCAATACTGTGTTGCCCTCTGAGTCCATGAAGGTGGTGGCAGAATCTATGGGCATTGCTCAGATTCAGGAGGAGACTTGCCAGCTACTGACAGATGAGGTCAGCTACCGCATCAAGGAGATTGCCCAG,MAEEKKLKLSNTVLPSESMKVVAESMGIAQIQEETCQLLTDEVSYRIKEIAQ,False
498,mus_musculus,Taf6-202,ENSMUSE00001226849,ENSMUST00000048698/ENSMUST00000110936,ENSMUST00000110936,havana,havana_mus_musculus,protein_coding,8.0,1.0,ENSMUSG00000036980,ENSMUSP00000106561,-1,ENSMUSE00001226849,138182101,138182187,3,278,364,138182101,138182187,0,0,GATGCCCTGAAGTTCATGCACATGGGGAAACGACAGAAGCTCACTACCAGTGACATTGACTATGCATTGAAGTTAAAGAATGTGGAG,DALKFMHMGKRQKLTTSDIDYALKLKNVE,False
499,mus_musculus,Taf6-202,ENSMUSE00000303929,ENSMUST00000048698/ENSMUST00000110936,ENSMUST00000110936,havana,havana_mus_musculus,protein_coding,8.0,1.0,ENSMUSG00000036980,ENSMUSP00000106561,-1,ENSMUSE00000303929,138181830,138181983,4,365,518,138181830,138181983,0,1,CCACTGTATGGCTTCCATGCTCAGGAGTTCATCCCTTTCCGGTTTGCCTCTGGCGGGGGCCGGGAGCTGTACTTCTATGAAGAGAAGGAAGTGGACCTGAGTGACATCATCAACACCCCTCTGCCTCGGGTGCCTCTGGATGTCTGCCTCAAAG,PLYGFHAQEFIPFRFASGGGRELYFYEEKEVDLSDIINTPLPRVPLDVCLKA,False
500,mus_musculus,Taf6-202,ENSMUSE00001228049,ENSMUST00000048698/ENSMUST00000110936,ENSMUST00000110936,havana,havana_mus_musculus,protein_coding,8.0,1.0,ENSMUSG00000036980,ENSMUSP00000106561,-1,ENSMUSE00001228049,138181576,138181632,5,519,575,138181576,138181632,1,1,CTCATTGGCTAAGCATCGAAGGCTGCCAGCCAGCTATACCAGAGAATCCACCCCCAG,HWLSIEGCQPAIPENPPPA,False
501,mus_musculus,Taf6-202,ENSMUSE00001255513,ENSMUST00000048698/ENSMUST00000110936,ENSMUST00000110936,havana,havana_mus_musculus,protein_coding,8.0,1.0,ENSMUSG00000036980,ENSMUSP00000106561,-1,ENSMUSE00001255513,138181357,138181476,6,576,695,138181357,138181476,1,1,CTCCCAAAGAGCAGCAGAAGGCTGAGGCCACAGAACCCCTGAAATCAGCAAAGCCAGGCCAAGAAGAAGATGGACCCCTGAAAGGCAAAGGTCAAGGGGCAGCTGCAGCTGATGGCAAAG,PKEQQKAEATEPLKSAKPGQEEDGPLKGKGQGAAAADGKG,False
502,mus_musculus,Taf6-202,ENSMUSE00001294003,ENSMUST00000048698/ENSMUST00000110936,ENSMUST00000110936,havana,havana_mus_musculus,protein_coding,8.0,1.0,ENSMUSG00000036980,ENSMUSP00000106561,-1,ENSMUSE00001294003,138180860,138181005,7,696,841,138180860,138181005,1,0,GAAAAGAGAAGAAGGCACCTCCCTTGCTGGAGGGGGCCCCTTTCCGCCTGAAGCCCCGCAGCATCCATGAGCTGTCTGTGGAGCAGCAGCTGTATTACAAGGAGATCACGGAAGCCTGTGTGGGATCCTGTGAGGCCAAGAGAGCG,KEKKAPPLLEGAPFRLKPRSIHELSVEQQLYYKEITEACVGSCEAKRA,False
503,mus_musculus,Taf6-202,ENSMUSE00001255882,ENSMUST00000048698/ENSMUST00000110936,ENSMUST00000110936,havana,havana_mus_musculus,protein_coding,8.0,1.0,ENSMUSG00000036980,ENSMUSP00000106561,-1,ENSMUSE00001255882,138180676,138180753,8,842,919,138180676,138180753,0,0,GAAGCTCTGCAGAGCATTGCCACGGACCCAGGGCTCTATCAGATGCTACCACGGTTCAGTACCTTCATCTCAGAGGGG,EALQSIATDPGLYQMLPRFSTFISEG,False
504,mus_musculus,Taf6-202,ENSMUSE00001255843,ENSMUST00000048698/ENSMUST00000110936,ENSMUST00000110936,havana,havana_mus_musculus,protein_coding,8.0,1.0,ENSMUSG00000036980,ENSMUSP00000106561,-1,ENSMUSE00001255843,138180463,138180564,9,920,1021,138180463,138180564,0,0,GTCCGTGTGAATGTAGTTCAGAATAACCTGGCCTTGCTTATCTACCTGATGCGTATGGTGAAGGCCCTGATGGACAACCCCACACTGTATCTAGAGAAATAT,VRVNVVQNNLALLIYLMRMVKALMDNPTLYLEKY,False
505,mus_musculus,Taf6-202,ENSMUSE00001279309,ENSMUST00000048698/ENSMUST00000110936,ENSMUST00000110936,havana,havana_mus_musculus,protein_coding,8.0,1.0,ENSMUSG00000036980,ENSMUSP00000106561,-1,ENSMUSE00001279309,138180170,138180352,10,1022,1204,138180170,138180352,0,0,GTGCATGAGCTCATTCCAGCAGTAATGACCTGCATTGTGAGTAGACAGCTGTGCTTGCGGCCAGATGTGGACAATCACTGGGCACTCCGGGATTTTGCTGCCCGTCTAGTGGCCCAAATCTGTAAGCATTTCAGCACAACCACCAACAACATCCAATCCCGAATCACTAAGACCTTTACCAAG,VHELIPAVMTCIVSRQLCLRPDVDNHWALRDFAARLVAQICKHFSTTTNNIQSRITKTFTK,False
506,mus_musculus,Taf6-202,ENSMUSE00001305131,ENSMUST00000048698/ENSMUST00000110936,ENSMUST00000110936,havana,havana_mus_musculus,protein_coding,8.0,1.0,ENSMUSG00000036980,ENSMUSP00000106561,-1,ENSMUSE00001305131,138179380,138179454,11,1205,1279,138179380,138179454,0,0,AGCTGGGTCGACGAGAAGACTCCATGGACAACTCGATATGGCTCCATTGCAGGCCTAGCAGAGCTGGGACATGAT,SWVDEKTPWTTRYGSIAGLAELGHD,False
507,mus_musculus,Taf6-202,ENSMUSE00001260319,ENSMUST00000048698/ENSMUST00000110936,ENSMUST00000110936,havana,havana_mus_musculus,protein_coding,8.0,1.0,ENSMUSG00000036980,ENSMUSP00000106561,-1,ENSMUSE00001260319,138179153,138179278,12,1280,1405,138179153,138179278,0,0,GTGATTAAGACGCTAATTCTGCCAAGGCTGCAGCAGGAAGGGGAACGGATCCGCAGTGTCTTGGATGGGCCTGTGCTGAGCAACATCGACCGTATTGGAGCAGACCATGTGCAGAGCCTTCTCCTG,VIKTLILPRLQQEGERIRSVLDGPVLSNIDRIGADHVQSLLL,False
508,mus_musculus,Taf6-202,ENSMUSE00001280768,ENSMUST00000048698/ENSMUST00000110936,ENSMUST00000110936,havana,havana_mus_musculus,protein_coding,8.0,1.0,ENSMUSG00000036980,ENSMUSP00000106561,-1,ENSMUSE00001280768,138178042,138178215,13,1406,1579,138178042,138178215,0,0,AAACACTGTGCCCCAGTACTGGCCAAGCTGCGCCCTCCACCTGACAATCAGGATGCCTACCGGGGAGAATTTGGGTCCCTTGGGCCCCTTCTCTGTTCCCATGTGGTGAAGGCCAGGGCCCAGGCTGCTCTACAAGCTCAGCAGGTCAACAGGACCACACTCACCATCACACAG,KHCAPVLAKLRPPPDNQDAYRGEFGSLGPLLCSHVVKARAQAALQAQQVNRTTLTITQ,False
509,mus_musculus,Taf6-202,ENSMUSE00001213460,ENSMUST00000048698/ENSMUST00000110936,ENSMUST00000110936,havana,havana_mus_musculus,protein_coding,8.0,1.0,ENSMUSG00000036980,ENSMUSP00000106561,-1,ENSMUSE00001213460,138177675,138177872,14,1580,1777,138177675,138177872,0,0,CCTCGGCCCACACTGACCCTTTCACAGGCCCCTCAGCCAGGCCCTCGCACGCCTGGCTTATTGAAGGTCCCTGGCTCCATTGCCTTGCCTGTTCAGACACTGGTGTCTGCGAGAGCTGCTGCTCCTCCTCAGCCTTCTCCTCCTCCAACCAAGTTTATTGTAATGTCCTCATCTTCCAGTGCCTCATCAACCCAGCAG,PRPTLTLSQAPQPGPRTPGLLKVPGSIALPVQTLVSARAAAPPQPSPPPTKFIVMSSSSSASSTQQ,False
510,mus_musculus,Taf6-202,ENSMUSE00000303805,ENSMUST00000048698/ENSMUST00000110936,ENSMUST00000110936,havana,havana_mus_musculus,protein_coding,8.0,1.0,ENSMUSG00000036980,ENSMUSP00000106561,-1,ENSMUSE00000303805,138176879,138177409,15,1778,2158,138177029,138177409,0,-1,GTTCTGTCCCTCAGCACCTCAGCTCCTGGCTCAGGCTCTACTACTACCTCTCCTGTCACCACCACGGTTCCCAGCGTGCAGCCCATCGTCAAGCTGGTCTCCACTGCTACCACTGCACCCCCAAGCACAGCCCCTGCTGGTTCTGGCAGTGTTCAGAAATACATTGTGGTCTCTCTTCCCCCAACAGGGGAAGGCAAAGGAGGCCCTCCTTCTCATCCTTCTCCAGTCCCCCCTTCATCTTCTTCACCATCCCCACTTGGGGGAAGTACCCTCTGTGGGGGGAAGCAGGAAGCTGGGGACAGCCCCCCTCCAGCTCCAGGGACTCCAAAGGCTAATGGCTCGCAGCCTACTGGACCTGGCTCTCCCCAGCCTGCTCTGTGATGTGTCACATGTGCTGACCTCCTCTCTTGTGCAGATTCCTACACACTCAAACAACCTGTGAGGGAGGAAGGAGGAAAGGTTTTCCCCAGTGACTTTCTTTTTAGATATTGTACAGTAAGTTCCTCAGAATAAAAGTTGGATTTGTAAGTT,VLSLSTSAPGSGSTTTSPVTTTVPSVQPIVKLVSTATTAPPSTAPAGSGSVQKYIVVSLPPTGEGKGGPPSHPSPVPPSSSSPSPLGGSTLCGGKQEAGDSPPPAPGTPKANGSQPTGPGSPQPAL*,False
523,drosophila_melanogaster,Taf6-RA,FBtr0333272-E1,FBtr0074941,FBtr0074941,FlyBase,flybase,protein_coding,,,FBgn0010417,FBpp0074709,1,FBtr0333272-E1,19599088,19600044,1,73,957,19599160,19600044,-1,0,CTCTTTTGGGTGTGTGCACACTGGCCGAGCAGCTCGGCGATTATTATTTGTTTATTTGTAAAAACCTGGGAAATGAGTGGAAAACCGTCGAAACCGAGCAGCCCCTCCAGCAGCATGCTGTACGGCTCCAGCATCTCGGCGGAGTCCATGAAGGTGATCGCGGAGAGCATCGGAGTGGGCTCCCTGTCGGATGACGCCGCCAAGGAACTAGCGGAGGATGTGTCCATCAAGCTGAAGAGGATTGTACAGGATGCGGCCAAGTTCATGAACCACGCCAAGCGGCAGAAGCTCTCAGTGCGGGACATCGACATGTCCCTTAAGGTGCGAAATGTGGAGCCGCAGTACGGTTTCGTAGCCAAGGACTTCATTCCATTCCGCTTCGCATCTGGCGGAGGACGGGAGCTGCACTTCACCGAGGACAAGGAAATCGACCTAGGAGAAATCACATCCACCAACTCTGTAAAAATTCCCCTGGATCTCACCCTGCGCTCCCATTGGTTTGTTGTGGAGGGAGTGCAACCCACTGTGCCCGAAAACCCCCCTCCGCTCTCGAAGGATTCCCAGTTACTGGACTCGGTCAATCCAGTTATTAAGATGGATCAAGGCCTAAACAAAGATGCGGCAGGCAAACCCACCACCGGCAAGATACACAAGCTGAAAAACGTGGAGACCATTCATGTCAAGCAACTGGCCACGCACGAGTTGTCCGTGGAGCAGCAGTTGTACTACAAGGAGATCACCGAGGCGTGCGTGGGATCTGATGAGCCGCGGCGCGGGGAAGCGCTGCAGTCGCTGGGATCCGATCCTGGCCTGCACGAAATGCTTCCCCGCATGTGCACCTTCATTGCCGAGGGAGTTAAGGTCAATGTGGTTCAGAACAACTTGGCGTTGCTTATTTACCTCATGCGCATGGTTCGTGCGCTTCTGGATAATCCTTCGCTGTTTCTGGAGAAATAC,MSGKPSKPSSPSSSMLYGSSISAESMKVIAESIGVGSLSDDAAKELAEDVSIKLKRIVQDAAKFMNHAKRQKLSVRDIDMSLKVRNVEPQYGFVAKDFIPFRFASGGGRELHFTEDKEIDLGEITSTNSVKIPLDLTLRSHWFVVEGVQPTVPENPPPLSKDSQLLDSVNPVIKMDQGLNKDAAGKPTTGKIHKLKNVETIHVKQLATHELSVEQQLYYKEITEACVGSDEPRRGEALQSLGSDPGLHEMLPRMCTFIAEGVKVNVVQNNLALLIYLMRMVRALLDNPSLFLEKY,False
526,drosophila_melanogaster,Taf6-RA,FBtr0333272-E2,FBtr0074941,FBtr0074941,FlyBase,flybase,protein_coding,,,FBgn0010417,FBpp0074709,1,FBtr0333272-E2,19600107,19600276,2,958,1127,19600107,19600276,0,2,CTCCACGAACTGATACCCTCGGTGATGACGTGCATTGTGTCCAAACAGCTGTGTATGCGCCCCGAGCTGGACAATCACTGGGCCCTGCGAGACTTTGCCTCCCGACTGATGGCTCAAATCTGCAAGAACTTCAATACCCTAACCAACAATCTGCAAACCCGTGTCACCCG,LHELIPSVMTCIVSKQLCMRPELDNHWALRDFASRLMAQICKNFNTLTNNLQTRVT,False
529,drosophila_melanogaster,Taf6-RA,FBtr0333272-E3,FBtr0074941,FBtr0074941,FlyBase,flybase,protein_coding,,,FBgn0010417,FBpp0074709,1,FBtr0333272-E3,19600334,19600789,3,1128,1583,19600334,19600789,2,2,CATCTTCAGCAAGGCCCTGCAGAACGACAAGACCCACCTGTCCTCGCTTTACGGCTCTATTGCGGGTCTCTCGGAGCTGGGGGGCGAAGTCATAAAGGTTTTCATCATACCCCGCCTTAAGTTCATATCGGAGCGCATTGAACCTCACCTGCTCGGCACCTCCATCAGCAACACTGACAAGACAGCAGCAGGTCACATCCGCGCCATGCTTCAGAAGTGCTGTCCCCCGATTCTCAGGCAAATGCGCTCAGCGCCAGATACAGCGGAGGACTACAAGAACGACTTTGGCTTCCTGGGGCCGTCGCTGTGCCAGGCAGTAGTCAAAGTTCGAAATGCGCCCGCCTCAAGCATTGTAACCCTGTCATCCAACACTATCAACACGGCACCCATCACGAGTGCAGCACAAACAGCAACAACCATCGGACGAGTGTCCATGCCCACCACACAGAGACAGGG,RIFSKALQNDKTHLSSLYGSIAGLSELGGEVIKVFIIPRLKFISERIEPHLLGTSISNTDKTAAGHIRAMLQKCCPPILRQMRSAPDTAEDYKNDFGFLGPSLCQAVVKVRNAPASSIVTLSSNTINTAPITSAAQTATTIGRVSMPTTQRQ,False
532,drosophila_melanogaster,Taf6-RA,FBtr0074941-E4,FBtr0074941,FBtr0074941,FlyBase,flybase,protein_coding,,,FBgn0010417,FBpp0074709,1,FBtr0074941-E4,19600910,19601382,4,1584,1893,19600910,19601219,2,-1,AAGTCCCGGAGTCTCGTCCCTGCCGCAAATAAGAGCCATTCAGGCCAACCAGCCGGCGCAAAAGTTTGTGATAGTCACCCAGAACTCGCCGCAGCAGGGCCAGGCGAAGGTGGTGCGGCGTGGCAGCTCTCCGCACAGCGTGGTCCTCTCCGCGGCCTCCAACGCTGCCAGTGCCTCCAATTCGAACTCAAGCTCGAGCGGCAGTCTACTAGCGGCTGCACAGCGGAGCAGCGATAATGTGTGTGTTATTGCCGGTAGCGAAGCGCCAGCAGTTGATGGTATAACAGTTCAATCTTTCAGAGCATCCTAGACGCCAACTCGCTGATCATTGAGACGGAGATTGTGCGCGCACCGCCCGAGCTGGACGATCTCTCGCACCTGGAGTAGCCAGCTTAGTTCGTAGTCCACATTTTGTCATATTGTATGCAATAAAATAAAAAATGCGGGTTCCTACCCCAAAAAAATGTAACCAC,GSPGVSSLPQIRAIQANQPAQKFVIVTQNSPQQGQAKVVRRGSSPHSVVLSAASNAASASNSNSSSSGSLLAAAQRSSDNVCVIAGSEAPAVDGITVQSFRAS*,False
511,drosophila_melanogaster,Taf6-RB,FBtr0333272-E1,FBtr0333272,FBtr0333272,FlyBase,flybase,protein_coding,,,FBgn0010417,FBpp0305470,1,FBtr0333272-E1,19599088,19600044,1,73,957,19599160,19600044,-1,0,CTCTTTTGGGTGTGTGCACACTGGCCGAGCAGCTCGGCGATTATTATTTGTTTATTTGTAAAAACCTGGGAAATGAGTGGAAAACCGTCGAAACCGAGCAGCCCCTCCAGCAGCATGCTGTACGGCTCCAGCATCTCGGCGGAGTCCATGAAGGTGATCGCGGAGAGCATCGGAGTGGGCTCCCTGTCGGATGACGCCGCCAAGGAACTAGCGGAGGATGTGTCCATCAAGCTGAAGAGGATTGTACAGGATGCGGCCAAGTTCATGAACCACGCCAAGCGGCAGAAGCTCTCAGTGCGGGACATCGACATGTCCCTTAAGGTGCGAAATGTGGAGCCGCAGTACGGTTTCGTAGCCAAGGACTTCATTCCATTCCGCTTCGCATCTGGCGGAGGACGGGAGCTGCACTTCACCGAGGACAAGGAAATCGACCTAGGAGAAATCACATCCACCAACTCTGTAAAAATTCCCCTGGATCTCACCCTGCGCTCCCATTGGTTTGTTGTGGAGGGAGTGCAACCCACTGTGCCCGAAAACCCCCCTCCGCTCTCGAAGGATTCCCAGTTACTGGACTCGGTCAATCCAGTTATTAAGATGGATCAAGGCCTAAACAAAGATGCGGCAGGCAAACCCACCACCGGCAAGATACACAAGCTGAAAAACGTGGAGACCATTCATGTCAAGCAACTGGCCACGCACGAGTTGTCCGTGGAGCAGCAGTTGTACTACAAGGAGATCACCGAGGCGTGCGTGGGATCTGATGAGCCGCGGCGCGGGGAAGCGCTGCAGTCGCTGGGATCCGATCCTGGCCTGCACGAAATGCTTCCCCGCATGTGCACCTTCATTGCCGAGGGAGTTAAGGTCAATGTGGTTCAGAACAACTTGGCGTTGCTTATTTACCTCATGCGCATGGTTCGTGCGCTTCTGGATAATCCTTCGCTGTTTCTGGAGAAATAC,MSGKPSKPSSPSSSMLYGSSISAESMKVIAESIGVGSLSDDAAKELAEDVSIKLKRIVQDAAKFMNHAKRQKLSVRDIDMSLKVRNVEPQYGFVAKDFIPFRFASGGGRELHFTEDKEIDLGEITSTNSVKIPLDLTLRSHWFVVEGVQPTVPENPPPLSKDSQLLDSVNPVIKMDQGLNKDAAGKPTTGKIHKLKNVETIHVKQLATHELSVEQQLYYKEITEACVGSDEPRRGEALQSLGSDPGLHEMLPRMCTFIAEGVKVNVVQNNLALLIYLMRMVRALLDNPSLFLEKY,False
514,drosophila_melanogaster,Taf6-RB,FBtr0333272-E2,FBtr0333272,FBtr0333272,FlyBase,flybase,protein_coding,,,FBgn0010417,FBpp0305470,1,FBtr0333272-E2,19600107,19600276,2,958,1127,19600107,19600276,0,2,CTCCACGAACTGATACCCTCGGTGATGACGTGCATTGTGTCCAAACAGCTGTGTATGCGCCCCGAGCTGGACAATCACTGGGCCCTGCGAGACTTTGCCTCCCGACTGATGGCTCAAATCTGCAAGAACTTCAATACCCTAACCAACAATCTGCAAACCCGTGTCACCCG,LHELIPSVMTCIVSKQLCMRPELDNHWALRDFASRLMAQICKNFNTLTNNLQTRVT,False
517,drosophila_melanogaster,Taf6-RB,FBtr0333272-E3,FBtr0333272,FBtr0333272,FlyBase,flybase,protein_coding,,,FBgn0010417,FBpp0305470,1,FBtr0333272-E3,19600334,19600789,3,1128,1583,19600334,19600789,2,2,CATCTTCAGCAAGGCCCTGCAGAACGACAAGACCCACCTGTCCTCGCTTTACGGCTCTATTGCGGGTCTCTCGGAGCTGGGGGGCGAAGTCATAAAGGTTTTCATCATACCCCGCCTTAAGTTCATATCGGAGCGCATTGAACCTCACCTGCTCGGCACCTCCATCAGCAACACTGACAAGACAGCAGCAGGTCACATCCGCGCCATGCTTCAGAAGTGCTGTCCCCCGATTCTCAGGCAAATGCGCTCAGCGCCAGATACAGCGGAGGACTACAAGAACGACTTTGGCTTCCTGGGGCCGTCGCTGTGCCAGGCAGTAGTCAAAGTTCGAAATGCGCCCGCCTCAAGCATTGTAACCCTGTCATCCAACACTATCAACACGGCACCCATCACGAGTGCAGCACAAACAGCAACAACCATCGGACGAGTGTCCATGCCCACCACACAGAGACAGGG,RIFSKALQNDKTHLSSLYGSIAGLSELGGEVIKVFIIPRLKFISERIEPHLLGTSISNTDKTAAGHIRAMLQKCCPPILRQMRSAPDTAEDYKNDFGFLGPSLCQAVVKVRNAPASSIVTLSSNTINTAPITSAAQTATTIGRVSMPTTQRQ,False
520,drosophila_melanogaster,Taf6-RB,FBtr0333272-E4,FBtr0333272,FBtr0333272,FlyBase,flybase,protein_coding,,,FBgn0010417,FBpp0305470,1,FBtr0333272-E4,19600913,19601382,4,1584,1890,19600913,19601219,2,-1,TCCCGGAGTCTCGTCCCTGCCGCAAATAAGAGCCATTCAGGCCAACCAGCCGGCGCAAAAGTTTGTGATAGTCACCCAGAACTCGCCGCAGCAGGGCCAGGCGAAGGTGGTGCGGCGTGGCAGCTCTCCGCACAGCGTGGTCCTCTCCGCGGCCTCCAACGCTGCCAGTGCCTCCAATTCGAACTCAAGCTCGAGCGGCAGTCTACTAGCGGCTGCACAGCGGAGCAGCGATAATGTGTGTGTTATTGCCGGTAGCGAAGCGCCAGCAGTTGATGGTATAACAGTTCAATCTTTCAGAGCATCCTAGACGCCAACTCGCTGATCATTGAGACGGAGATTGTGCGCGCACCGCCCGAGCTGGACGATCTCTCGCACCTGGAGTAGCCAGCTTAGTTCGTAGTCCACATTTTGTCATATTGTATGCAATAAAATAAAAAATGCGGGTTCCTACCCCAAAAAAATGTAACCAC,GPGVSSLPQIRAIQANQPAQKFVIVTQNSPQQGQAKVVRRGSSPHSVVLSAASNAASASNSNSSSSGSLLAAAQRSSDNVCVIAGSEAPAVDGITVQSFRAS*,False
