CanonicalPath,AlternativePath,ASE,MutualExclusivity,MutualExclusiveCanonical,MutualExclusiveAlternative,CanonicalPathTranscriptWeightedConservation,AlternativePathTranscriptWeightedConservation,CanonicalPathGenes,AlternativePathGenes,CommonGenes,CanonicalPathMinSeqLength,CanonicalPathMeanSeqLength,CanonicalPathMaxSeqLength,AlternativePathMinSeqLength,AlternativePathMeanSeqLength,AlternativePathMaxSeqLength,CanonicalPathConsensus,AlternativePathConsensus
start/18_1/6_0/6_1/6_2,start/6_2,deletion,,,,0.42642857142857143,0.25642857142857145,ENSDARG00000102730/ENSG00000109339/ENSMUSG00000046709/ENSTRUG00000013056/ENSXETG00000006199,ENSDARG00000102730/ENSG00000109339/ENSTRUG00000013056/ENSXETG00000006199,ENSDARG00000102730/ENSG00000109339/ENSTRUG00000013056/ENSXETG00000006199,38,38.0,38,0,0.0,0,MSRHFLYNCSEPTLDVKIAFCQGFGKQVDVSYIAKHYN,
4_0/19_0/3_0,4_0/19_1/3_0,alternative,,,,0.74,0.1542857142857143,ENSDARG00000102730/ENSG00000109339/ENSMUSG00000046709/ENSTRUG00000013056/ENSXETG00000006199,ENSG00000109339/ENSMUSG00000046709/ENSTRUG00000013056/ENSXETG00000006199,ENSG00000109339/ENSMUSG00000046709/ENSTRUG00000013056/ENSXETG00000006199,24,24.0,24,24,24.0,24,vDIWSVGCIMGEMVRHKILFPGRDY,DMWSVGCIMGEMXKGAVLFPGTDH
12_0/15_0/15_1/15_2/36_0,12_0/36_0,deletion,,,,0.2571428571428571,0.05714285714285714,ENSDARG00000102730/ENSG00000109339/ENSXETG00000006199,ENSDARG00000102730/ENSG00000109339,ENSDARG00000102730/ENSG00000109339,26,26.0,26,0,0.0,0,eLIYKEVMNFEEKTKNGVVKGQPSPSA,
start/18_1/6_0/6_1/6_2/8_1/8_2/21_0/7_0/7_1/4_0/19_0/3_0/11_0/12_0,start/12_0,deletion,,,,0.1757142857142857,0.007142857142857143,ENSG00000109339/ENSMUSG00000046709/ENSTRUG00000013056,ENSG00000109339,ENSG00000109339,370,370.0,370,0,0.0,0,MSLHFLYYCSEPTLDVKIAFCQGFDKQVDVSYIAKHYNMSKSKVDNQFYSVEVGDSTFTVLKRYQNLKPIGSGAQGIVCAAYDAVLDRNVAIKKLSRPFQNQTHAKRAYRELVLMKCVNHKNIISLLNVFTPQKTLEEFQDVYLVMELMDANLCQVIQMELDHERMSYLLYQMLCGIKHLHSAGIIHRDLKPSNIVVKSDCTLKILDFGLARTAGTSFMMTPYVVTRYYRAPEVILGMGYKENVDIWSVGCIMGEMVRHKILFPGRDYIDQWNKVIEQLGTPCPEFMKKLQPTVRNYVENRPKYAGLTFPKLFPDSLFPADSEHNKLKASQARDLLSKMLVIDPAKRISVDDALQHPYINVWYDPAEVEA,
start/18_1/6_0/6_1/6_2/8_1/8_2/21_0/7_0/7_1,start/7_1,deletion,,,,0.4192857142857143,0.007142857142857143,ENSDARG00000102730/ENSG00000109339/ENSMUSG00000046709/ENSTRUG00000013056/ENSXETG00000006199,ENSG00000109339,ENSG00000109339,155,155.0,155,0,0.0,0,MSRHFLYNCSEPTLDVKIAFCQGFGKQVDVSYIAKHYNMSKSKVDNQFYSVEVGDSTFTVLKRYQNLKPIGSGAQGIVCcAAYDAVLDRNVAIKKLSRPFQNQTHAKRAYRELVLMKCVNHKNIISLLNVFTPQKSLEEFQDVvYLVMELMDANLCQ,
start/18_1/6_0/6_1/6_2/8_1/8_2,start/8_2,deletion,,,,0.4192857142857143,0.014285714285714285,ENSDARG00000102730/ENSG00000109339/ENSMUSG00000046709/ENSTRUG00000013056/ENSXETG00000006199,ENSG00000109339,ENSG00000109339,114,114.0,114,0,0.0,0,MSRHFLYNCSEPTLDVKIAFCQGFGKQVDVSYIAKHYNMSKSKVDNQFYSVEVGDSTFTVLKRYQNLKPIGSGAQGIVCcAAYDAVLDRNVAIKKLSRPFQNQTHAKRAYRELVL,
start/18_1/6_0/6_1/6_2/8_1,start/35_0/8_1,alternative_start,,,,0.4192857142857143,0.02857142857142857,ENSDARG00000102730/ENSG00000109339/ENSMUSG00000046709/ENSTRUG00000013056/ENSXETG00000006199,ENSMUSG00000046709,ENSMUSG00000046709,78,78.8,79,5,5.0,5,MSRHFLYNCSEPTLDVKIAFCQGFGKQVDVSYIAKHYNMSKSKVDNQFYSVEVGDSTFTVLKRYQNLKPIGSGAQGIVC,MNTWS
start/18_1/6_0/6_1/6_2/8_1,start/22_0/8_1,alternative_start,,,,0.4192857142857143,0.007142857142857143,ENSDARG00000102730/ENSG00000109339/ENSMUSG00000046709/ENSTRUG00000013056/ENSXETG00000006199,ENSG00000109339,ENSG00000109339,78,78.8,79,20,20.0,20,MSRHFLYNCSEPTLDVKIAFCQGFGKQVDVSYIAKHYNMSKSKVDNQFYSVEVGDSTFTVLKRYQNLKPIGSGAQGIVC,MQETVELDPFPIDEKPYKLC
start/18_1/6_0/6_1,start/34_0/6_1,alternative_start,,,,0.42642857142857143,0.02,ENSDARG00000102730/ENSG00000109339/ENSMUSG00000046709/ENSTRUG00000013056/ENSXETG00000006199,ENSTRUG00000013056,ENSTRUG00000013056,28,28.0,28,5,5.0,5,MSRHFLYNCSEPTLDVKIAFCQGFGKQV,LNPLL
start/18_1/6_0,start/0_10/6_0,alternative_start,,,,0.42642857142857143,0.025,ENSDARG00000102730/ENSG00000109339/ENSMUSG00000046709/ENSTRUG00000013056/ENSXETG00000006199,ENSXETG00000006199,ENSXETG00000006199,22,22.0,22,1,1.0,1,MSRHFLYNCSEPTLDVKIAFCQ,
start/18_1,start/8_0/16_0/18_0/18_1,insertion,,,,0.42642857142857143,0.025,ENSDARG00000102730/ENSG00000109339/ENSMUSG00000046709/ENSTRUG00000013056/ENSXETG00000006199,ENSXETG00000006199,ENSXETG00000006199,0,0.0,0,37,37.0,37,,MKICPKGDCVNYCNISCYCISVSSSNPTELNEQLLVF
start/18_1,start/20_0/18_0/18_1,insertion,,,,0.42642857142857143,0.02,ENSDARG00000102730/ENSG00000109339/ENSMUSG00000046709/ENSTRUG00000013056/ENSXETG00000006199,ENSTRUG00000013056,ENSTRUG00000013056,0,0.0,0,23,23.0,23,,LVWTHILFAPIKEVSEQQTSRVF
start/18_1,start/17_0/18_0/18_1,insertion,,,,0.42642857142857143,0.02857142857142857,ENSDARG00000102730/ENSG00000109339/ENSMUSG00000046709/ENSTRUG00000013056/ENSXETG00000006199,ENSMUSG00000046709,ENSMUSG00000046709,0,0.0,0,30,30.0,30,,MGDTGVSGAPMKEMAQVMRIAEVTEDGRVF
start/18_1,start/0_9/18_0/18_1,insertion,,,,0.42642857142857143,0.02,ENSDARG00000102730/ENSG00000109339/ENSMUSG00000046709/ENSTRUG00000013056/ENSXETG00000006199,ENSTRUG00000013056,ENSTRUG00000013056,0,0.0,0,3,3.0,3,,VF
start/18_1,start/0_3/18_0/18_1,insertion,,,,0.42642857142857143,0.014285714285714285,ENSDARG00000102730/ENSG00000109339/ENSMUSG00000046709/ENSTRUG00000013056/ENSXETG00000006199,ENSG00000109339,ENSG00000109339,0,0.0,0,3,3.0,3,,VF
start/18_1,start/0_10/18_0/18_1,insertion,,,,0.42642857142857143,0.05,ENSDARG00000102730/ENSG00000109339/ENSMUSG00000046709/ENSTRUG00000013056/ENSXETG00000006199,ENSXETG00000006199,ENSXETG00000006199,0,0.0,0,3,3.0,3,,VF
start/18_1,start/0_1/18_0/18_1,insertion,,,,0.42642857142857143,0.05,ENSDARG00000102730/ENSG00000109339/ENSMUSG00000046709/ENSTRUG00000013056/ENSXETG00000006199,ENSDARG00000102730,ENSDARG00000102730,0,0.0,0,3,3.0,3,,VF
6_2/8_1/8_2/21_0/7_0/7_1/4_0/19_0/3_0/11_0/12_0/15_0/15_1/15_2/36_0/stop,6_2/0_4/stop,alternative_end,,,,0.09642857142857143,0.007142857142857143,ENSDARG00000102730/ENSG00000109339/ENSXETG00000006199,ENSG00000109339,ENSG00000109339,343,343.3333333333333,344,0,0.0,0,cAAYDAVLDRNVAIKKLSRPFQNQTHAKRAYRELVLMKCVNHKNIISLLNVFTPQKSLEEFQDVvYLVMELMDANLCQVIQMELDHERMSYLLYQMLCGIKHLHSAGIIHRDLKPSNIVVKSDCTLKILDFGLARTAGTSFMMTPYVVTRYYRAPEVILGMGYKENVvDIWSVGCIMGEMVRHKILFPGRDYyIDQWNKVIEQLGTPCPEFMKKLQPTVRNYVENRPKYAGLTFPKLFPDSLFPADSEHNKLKAaSQARDLLSKMLVIDPAKRISVDEALQHPYINVWYDPAEVEAPPPQIYDKQLDEREHTIEEWKEeLIYKEVMNFEEKTKNGVVKGQPSPSAaQVQQ,
4_0/19_0/3_0,4_0/4_2/29_0/0_8/3_0,alternative,,,,0.74,0.02,ENSDARG00000102730/ENSG00000109339/ENSMUSG00000046709/ENSTRUG00000013056/ENSXETG00000006199,ENSTRUG00000013056,ENSTRUG00000013056,24,24.0,24,24,24.0,24,vDIWSVGCIMGEMVRHKILFPGRDY,EIVGSAVMGAHAC
4_0/19_0/3_0,4_0/3_0,deletion,,,,0.74,0.014285714285714285,ENSDARG00000102730/ENSG00000109339/ENSMUSG00000046709/ENSTRUG00000013056/ENSXETG00000006199,ENSG00000109339,ENSG00000109339,24,24.0,24,0,0.0,0,vDIWSVGCIMGEMVRHKILFPGRDY,
36_0/stop,36_0/31_0/12_0/15_0/15_1/15_2/stop,insertion,,,,0.2642857142857143,0.05,ENSDARG00000102730/ENSG00000109339/ENSXETG00000006199,ENSDARG00000102730,ENSDARG00000102730,0,0.0,0,55,55.0,55,,ARNQQISMPPPQIYDKQLDEREHSIDEWKELIYKEVMNFEERTKNGVVKGQPSPS
36_0/stop,36_0/15_0/15_1/15_2/stop,insertion,,,,0.2642857142857143,0.05,ENSDARG00000102730/ENSG00000109339/ENSXETG00000006199,ENSDARG00000102730,ENSDARG00000102730,0,0.0,0,26,26.0,26,,ELIYKEVMNFEERTKNGVVKGQPSPS
18_1/6_0,18_1/9_0/6_0,insertion,,,,0.5842857142857143,0.05,ENSDARG00000102730/ENSG00000109339/ENSMUSG00000046709/ENSTRUG00000013056/ENSXETG00000006199,ENSXETG00000006199,ENSXETG00000006199,0,0.0,0,43,43.0,43,,VTACLDFLSLKRFRSRTGSRAAELLSWLVIQLLLVAEFGAILT
15_2/36_0/stop,15_2/5_0/5_1/stop,alternative_end,,,,0.2571428571428571,0.16428571428571428,ENSDARG00000102730/ENSG00000109339/ENSXETG00000006199,ENSDARG00000102730/ENSMUSG00000046709,ENSDARG00000102730,4,4.333333333333333,5,46,46.5,47,aQVQQ,GAAVNSSESLPPSSSVNDISSMSTDQTLASDTDSSLEXSAGPLGCCR
15_2/36_0/stop,15_2/5_0/5_1/8_3/stop,alternative_end,,,,0.2571428571428571,0.014285714285714285,ENSDARG00000102730/ENSG00000109339/ENSXETG00000006199,ENSG00000109339,ENSG00000109339,4,4.333333333333333,5,55,55.0,55,aQVQQ,AAVNSSESLPPSSSVNDISSMSTDQTLASDTDSSLEASAGPLGCCRMPMRNMKPR
15_2/36_0/stop,15_2/5_0/5_1/1_0/stop,alternative_end,,,,0.2571428571428571,0.007142857142857143,ENSDARG00000102730/ENSG00000109339/ENSXETG00000006199,ENSG00000109339,ENSG00000109339,4,4.333333333333333,5,133,133.0,133,aQVQQ,AAVNSSESLPPSSSVNDISSMSTDQTLASDTDSSLEASAGPLGCCRSILHWRYALRIWQGRQWASERDFLMESQSSYVKSPRKSKTEWCQGKNFKSSSKVPGDSTVFYKTIYISLFGHDKVYWHKQHSHKVFF
15_2/36_0/stop,15_2/5_0/5_1/0_5/stop,alternative_end,,,,0.2571428571428571,0.007142857142857143,ENSDARG00000102730/ENSG00000109339/ENSXETG00000006199,ENSG00000109339,ENSG00000109339,4,4.333333333333333,5,47,47.0,47,aQVQQ,AAVNSSESLPPSSSVNDISSMSTDQTLASDTDSSLEASAGPLGCCR
15_2/36_0/stop,15_2/5_0/5_1/0_2/stop,alternative_end,,,,0.2571428571428571,0.05,ENSDARG00000102730/ENSG00000109339/ENSXETG00000006199,ENSG00000109339,ENSG00000109339,4,4.333333333333333,5,46,46.0,46,aQVQQ,AAVNSSESLPPSSSVNDISSMSTDQTLASDTDSSLEASAGPLGCCR
15_2/36_0/stop,15_2/27_0/stop,alternative_end,,,,0.2571428571428571,0.007142857142857143,ENSDARG00000102730/ENSG00000109339/ENSXETG00000006199,ENSG00000109339,ENSG00000109339,4,4.333333333333333,5,13,13.0,13,aQVQQ,DVATAHSGSMLLL
15_2/36_0/stop,15_2/15_4/stop,alternative_end,,,,0.2571428571428571,0.014285714285714285,ENSDARG00000102730/ENSG00000109339/ENSXETG00000006199,ENSG00000109339,ENSG00000109339,4,4.333333333333333,5,4,4.0,4,aQVQQ,THSP
15_2/36_0/stop,15_2/15_3/10_0/stop,alternative_end,,,,0.2571428571428571,0.025,ENSDARG00000102730/ENSG00000109339/ENSXETG00000006199,ENSXETG00000006199,ENSXETG00000006199,4,4.333333333333333,5,47,47.0,47,aQVQQ,ILCKYPVRLCLCACPISHELSIPTDPNFTFTPENNSVLSFFNVFPFY
15_2/36_0/stop,15_2/14_0/stop,alternative_end,,,,0.2571428571428571,0.007142857142857143,ENSDARG00000102730/ENSG00000109339/ENSXETG00000006199,ENSG00000109339,ENSG00000109339,4,4.333333333333333,5,33,33.0,33,aQVQQ,RRDISHIDWTTEHNDHIQFSSILFKRFSQTAWQ
12_0/15_0/15_1/15_2/36_0/stop,12_0/26_0/stop,alternative_end,,,,0.2571428571428571,0.025,ENSDARG00000102730/ENSG00000109339/ENSXETG00000006199,ENSXETG00000006199,ENSXETG00000006199,30,30.333333333333332,31,15,15.0,15,eLIYKEVMNFEEKTKNGVVKGQPSPSAaQVQQ,RNNVDSTYNRKKCGN
12_0/15_0/15_1/15_2/36_0/stop,12_0/24_0/stop,alternative_end,,,,0.2571428571428571,0.014285714285714285,ENSDARG00000102730/ENSG00000109339/ENSXETG00000006199,ENSG00000109339,ENSG00000109339,30,30.333333333333332,31,17,17.0,17,eLIYKEVMNFEEKTKNGVVKGQPSPSAaQVQQ,VSYRTYLQGSNEFRRKD
11_0/12_0/15_0/15_1/15_2/36_0/stop,11_0/33_0/stop,alternative_end,,,,0.13214285714285715,0.007142857142857143,ENSDARG00000102730/ENSG00000109339/ENSXETG00000006199,ENSG00000109339,ENSG00000109339,52,52.0,52,6,6.0,6,PPPQIYDKQLDEREHTIEEWKEeLIYKEVMNFEEKTKNGVVKGQPSPSAaQVQQ,KTCDAL
11_0/12_0/15_0/15_1/15_2/36_0,11_0/36_0,deletion,,,,0.13214285714285715,0.05,ENSDARG00000102730/ENSG00000109339/ENSXETG00000006199,ENSDARG00000102730,ENSDARG00000102730,47,47.666666666666664,48,0,0.0,0,PPPQIYDKQLDEREHTIEEWKEeLIYKEVMNFEEKTKNGVVKGQPSPSA,
11_0/12_0,11_0/32_0/12_0,insertion,,,,0.6264285714285714,0.02,ENSDARG00000102730/ENSG00000109339/ENSMUSG00000046709/ENSTRUG00000013056/ENSXETG00000006199,ENSTRUG00000013056,ENSTRUG00000013056,0,0.0,0,6,6.0,6,,KIRSTS
11_0/12_0,11_0/31_0/12_0,insertion,,,,0.6264285714285714,0.1,ENSDARG00000102730/ENSG00000109339/ENSMUSG00000046709/ENSTRUG00000013056/ENSXETG00000006199,ENSDARG00000102730,ENSDARG00000102730,0,0.0,0,8,8.0,8,,ARNQQISM
11_0/12_0,11_0/23_0/12_0,insertion,,,,0.6264285714285714,0.125,ENSDARG00000102730/ENSG00000109339/ENSMUSG00000046709/ENSTRUG00000013056/ENSXETG00000006199,ENSXETG00000006199,ENSXETG00000006199,0,0.0,0,19,19.0,19,,GPLRDIWNEQPVKTKNNEK
4_0/19_0/3_0/11_0/12_0/15_0/15_1/15_2/36_0/stop,4_0/4_1/stop,alternative_end,,,,0.11071428571428572,0.05714285714285714,ENSDARG00000102730/ENSG00000109339/ENSXETG00000006199,ENSMUSG00000046709,,178,178.33333333333334,179,8,8.0,8,vDIWSVGCIMGEMVRHKILFPGRDYyIDQWNKVIEQLGTPCPEFMKKLQPTVRNYVENRPKYAGLTFPKLFPDSLFPADSEHNKLKAaSQARDLLSKMLVIDPAKRISVDEALQHPYINVWYDPAEVEAPPPQIYDKQLDEREHTIEEWKEeLIYKEVMNFEEKTKNGVVKGQPSPSAaQVQQ,RDGSGTSI
15_2/36_0/stop,15_2/5_0/5_1/2_0/stop,alternative_end,,,,0.2571428571428571,0.02,ENSDARG00000102730/ENSG00000109339/ENSXETG00000006199,ENSTRUG00000013056,,4,4.333333333333333,5,119,119.0,119,aQVQQ,AAVNSSESPPPSSSINDISSMSTDQTLASDTDSSLETSAGPLGCCRSISGYINDPQVALLVPPLNVSYTDRNDQMLRHASLVKCIFAGCWSLKSSQKAFRLQSLWQGGLPFLLSTPAPM
15_2/36_0/stop,15_2/5_0/5_1/0_7/stop,alternative_end,,,,0.2571428571428571,0.12,ENSDARG00000102730/ENSG00000109339/ENSXETG00000006199,ENSTRUG00000013056,,4,4.333333333333333,5,46,46.0,46,aQVQQ,AAVNSSESPPPSSSINDISSMSTDQTLASDTDSSLETSAGPLGCCR
15_2/36_0/stop,15_2/13_0/stop,alternative_end,,,,0.2571428571428571,0.02,ENSDARG00000102730/ENSG00000109339/ENSXETG00000006199,ENSTRUG00000013056,,4,4.333333333333333,5,35,35.0,35,aQVQQ,ASIVKVPFWNSLSSAASFLSDYEHLHICRELLPES
15_2/36_0/stop,15_2/0_6/stop,alternative_end,,,,0.2571428571428571,0.02857142857142857,ENSDARG00000102730/ENSG00000109339/ENSXETG00000006199,ENSMUSG00000046709,,4,4.333333333333333,5,0,0.0,0,aQVQQ,
15_1/15_2/36_0/stop,15_1/28_0/5_1/0_7/stop,alternative_end,,,,0.2571428571428571,0.02,ENSDARG00000102730/ENSG00000109339/ENSXETG00000006199,ENSTRUG00000013056,,13,13.0,13,52,52.0,52,VKGQPSPSAaQVQQ,NHQDCSVSRLFSESPPPSSSINDISSMSTDQTLASDTDSSLETSAGPLGCCR
12_0/15_0/15_1/15_2/36_0/stop,12_0/12_1/25_0/stop,alternative_end,,,,0.2571428571428571,0.02,ENSDARG00000102730/ENSG00000109339/ENSXETG00000006199,ENSTRUG00000013056,,30,30.333333333333332,31,29,29.0,29,eLIYKEVMNFEEKTKNGVVKGQPSPSAaQVQQ,GDYLIIILKRVNSNSLFLCLSKREAIKLM
