,SubexonID,SubexonSequence,SubexonIDCluster,SubexonCodingStart,SubexonCodingEnd,IntervalNumber,GeneID,TranscriptID,ProteinID,Strand,ExonRank,TranscriptIDCluster,ExonID,ExonIDCluster,Cluster,QueryExon,TargetCoverage,PercentIdentity,AlignedQuery,AlignedTarget,SubexonRank,StartPhase,EndPhase,SubexonProteinSequence,TranscriptsWithSubexon,TranscriptsInGene,TranscriptFraction,SubexonIndex,TranscriptIndex,S_exons,S_exon_Lengths,S_exon_Sequences
0,ENSDARE00001164195_SE_8,GATTTGAAACCTAGCAATATTGTGGTGAAATCCGACTGCACGCTGAAGATTTTGGATTTCGGCTTGGCAAGAACTGCTGGAACTAGTTTTATGATGACCCCCTATGTGGTGACGCGGTACTACAGGGCCCCGGAGGTCATTCTGGGCATGGGCTACAAGGAGAACG,ENSDARE00001164195_SE_8,9666274,9666439,8,ENSDARG00000102730,ENSDART00000159899,ENSDARP00000129891,1,8,ENSDART00000159899/ENSDART00000161753,ENSDARE00001164195,ENSDARE00001164195,4,ENSMUSE00000723279,100.0,85.9375,DLKPSNIVVKSDCTLKILDFGLARTAGTSFMMTPYVVTRYYRAPEVILGMGYKENGRDGSGTSI,DLKPSNIVVKSDCTLKILDFGLARTAGTSFMMTPYVVTRYYRAPEVILGMGYKEN---------,4,0,1,DLKPSNIVVKSDCTLKILDFGLARTAGTSFMMTPYVVTRYYRAPEVILGMGYKEN,4,4,1.0,6,0,4_0,55,DLKPSNIVVKSDCTLKILDFGLARTAGTSFMMTPYVVTRYYRAPEVILGMGYKEN
1,ENSE00003598073_SE_19,GATTTAAAACCAAGTAACATTGTAGTCAAGTCTGATTGCACATTGAAAATCCTGGACTTTGGACTGGCCAGGACAGCAGGCACAAGCTTCATGATGACTCCATATGTGGTGACACGTTATTACAGAGCCCCTGAGGTCATCCTGGGGATGGGCTACAAGGAGAACG,ENSE00003598073_SE_19,86101217,86101052,19,ENSG00000109339,ENST00000395169,ENSP00000378598,-1,8,ENST00000395160/ENST00000395169,ENSE00003598073,ENSE00003598073,4,ENSMUSE00000723279,100.0,85.9375,DLKPSNIVVKSDCTLKILDFGLARTAGTSFMMTPYVVTRYYRAPEVILGMGYKENGRDGSGTSI,DLKPSNIVVKSDCTLKILDFGLARTAGTSFMMTPYVVTRYYRAPEVILGMGYKENV--------,8,0,1,DLKPSNIVVKSDCTLKILDFGLARTAGTSFMMTPYVVTRYYRAPEVILGMGYKENV,26,28,0.9285714285714286,3,1,4_0,56,DLKPSNIVVKSDCTLKILDFGLARTAGTSFMMTPYVVTRYYRAPEVILGMGYKENV
2,ENSE00003598073_SE_19,GATTTAAAACCAAGTAACATTGTAGTCAAGTCTGATTGCACATTGAAAATCCTGGACTTTGGACTGGCCAGGACAGCAGGCACAAGCTTCATGATGACTCCATATGTGGTGACACGTTATTACAGAGCCCCTGAGGTCATCCTGGGGATGGGCTACAAGGAGAACG,ENSE00003598073_SE_19,86101217,86101052,19,ENSG00000109339,ENST00000641010,ENSP00000493178,-1,8,ENST00000641010,ENSE00003598073,ENSE00003598073,4,ENSMUSE00000723279,100.0,85.9375,DLKPSNIVVKSDCTLKILDFGLARTAGTSFMMTPYVVTRYYRAPEVILGMGYKENGRDGSGTSI,DLKPSNIVVKSDCTLKILDFGLARTAGTSFMMTPYVVTRYYRAPEVILGMGYKENV--------,8,0,1,DLKPSNIVVKSDCTLKILDFGLARTAGTSFMMTPYVVTRYYRAPEVILGMGYKENV,26,28,0.9285714285714286,3,2,4_0,56,DLKPSNIVVKSDCTLKILDFGLARTAGTSFMMTPYVVTRYYRAPEVILGMGYKENV
3,ENSE00003598073_SE_19,GATTTAAAACCAAGTAACATTGTAGTCAAGTCTGATTGCACATTGAAAATCCTGGACTTTGGACTGGCCAGGACAGCAGGCACAAGCTTCATGATGACTCCATATGTGGTGACACGTTATTACAGAGCCCCTGAGGTCATCCTGGGGATGGGCTACAAGGAGAACG,ENSE00003598073_SE_19,86101217,86101052,19,ENSG00000109339,ENST00000641102,ENSP00000493048,-1,8,ENST00000641102,ENSE00003598073,ENSE00003598073,4,ENSMUSE00000723279,100.0,85.9375,DLKPSNIVVKSDCTLKILDFGLARTAGTSFMMTPYVVTRYYRAPEVILGMGYKENGRDGSGTSI,DLKPSNIVVKSDCTLKILDFGLARTAGTSFMMTPYVVTRYYRAPEVILGMGYKENV--------,8,0,1,DLKPSNIVVKSDCTLKILDFGLARTAGTSFMMTPYVVTRYYRAPEVILGMGYKENV,26,28,0.9285714285714286,3,3,4_0,56,DLKPSNIVVKSDCTLKILDFGLARTAGTSFMMTPYVVTRYYRAPEVILGMGYKENV
4,ENSE00003598073_SE_19,GATTTAAAACCAAGTAACATTGTAGTCAAGTCTGATTGCACATTGAAAATCCTGGACTTTGGACTGGCCAGGACAGCAGGCACAAGCTTCATGATGACTCCATATGTGGTGACACGTTATTACAGAGCCCCTGAGGTCATCCTGGGGATGGGCTACAAGGAGAACG,ENSE00003598073_SE_19,86101217,86101052,19,ENSG00000109339,ENST00000641274,ENSP00000492929,-1,8,ENST00000641050/ENST00000641170/ENST00000641274/ENST00000641862/ENST00000642038,ENSE00003598073,ENSE00003598073,4,ENSMUSE00000723279,100.0,85.9375,DLKPSNIVVKSDCTLKILDFGLARTAGTSFMMTPYVVTRYYRAPEVILGMGYKENGRDGSGTSI,DLKPSNIVVKSDCTLKILDFGLARTAGTSFMMTPYVVTRYYRAPEVILGMGYKENV--------,8,0,1,DLKPSNIVVKSDCTLKILDFGLARTAGTSFMMTPYVVTRYYRAPEVILGMGYKENV,26,28,0.9285714285714286,3,4,4_0,56,DLKPSNIVVKSDCTLKILDFGLARTAGTSFMMTPYVVTRYYRAPEVILGMGYKENV
5,ENSE00003598073_SE_19,GATTTAAAACCAAGTAACATTGTAGTCAAGTCTGATTGCACATTGAAAATCCTGGACTTTGGACTGGCCAGGACAGCAGGCACAAGCTTCATGATGACTCCATATGTGGTGACACGTTATTACAGAGCCCCTGAGGTCATCCTGGGGATGGGCTACAAGGAGAACG,ENSE00003598073_SE_19,86101217,86101052,19,ENSG00000109339,ENST00000641485,ENSP00000493378,-1,8,ENST00000641485,ENSE00003598073,ENSE00003598073,4,ENSMUSE00000723279,100.0,85.9375,DLKPSNIVVKSDCTLKILDFGLARTAGTSFMMTPYVVTRYYRAPEVILGMGYKENGRDGSGTSI,DLKPSNIVVKSDCTLKILDFGLARTAGTSFMMTPYVVTRYYRAPEVILGMGYKENV--------,8,0,1,DLKPSNIVVKSDCTLKILDFGLARTAGTSFMMTPYVVTRYYRAPEVILGMGYKENV,26,28,0.9285714285714286,3,5,4_0,56,DLKPSNIVVKSDCTLKILDFGLARTAGTSFMMTPYVVTRYYRAPEVILGMGYKENV
6,ENSE00003598073_SE_19,GATTTAAAACCAAGTAACATTGTAGTCAAGTCTGATTGCACATTGAAAATCCTGGACTTTGGACTGGCCAGGACAGCAGGCACAAGCTTCATGATGACTCCATATGTGGTGACACGTTATTACAGAGCCCCTGAGGTCATCCTGGGGATGGGCTACAAGGAGAACG,ENSE00003598073_SE_19,86101217,86101052,19,ENSG00000109339,ENST00000641718,ENSP00000493344,-1,8,ENST00000641553/ENST00000641718/ENST00000641831,ENSE00003598073,ENSE00003598073,4,ENSMUSE00000723279,100.0,85.9375,DLKPSNIVVKSDCTLKILDFGLARTAGTSFMMTPYVVTRYYRAPEVILGMGYKENGRDGSGTSI,DLKPSNIVVKSDCTLKILDFGLARTAGTSFMMTPYVVTRYYRAPEVILGMGYKENV--------,8,0,1,DLKPSNIVVKSDCTLKILDFGLARTAGTSFMMTPYVVTRYYRAPEVILGMGYKENV,26,28,0.9285714285714286,3,6,4_0,56,DLKPSNIVVKSDCTLKILDFGLARTAGTSFMMTPYVVTRYYRAPEVILGMGYKENV
7,ENSE00003598073_SE_19,GATTTAAAACCAAGTAACATTGTAGTCAAGTCTGATTGCACATTGAAAATCCTGGACTTTGGACTGGCCAGGACAGCAGGCACAAGCTTCATGATGACTCCATATGTGGTGACACGTTATTACAGAGCCCCTGAGGTCATCCTGGGGATGGGCTACAAGGAGAACG,ENSE00003598073_SE_19,86101217,86101052,19,ENSG00000109339,ENST00000641762,ENSP00000492926,-1,9,ENST00000361569/ENST00000641405/ENST00000641493/ENST00000641762,ENSE00003598073,ENSE00003598073,4,ENSMUSE00000723279,100.0,85.9375,DLKPSNIVVKSDCTLKILDFGLARTAGTSFMMTPYVVTRYYRAPEVILGMGYKENGRDGSGTSI,DLKPSNIVVKSDCTLKILDFGLARTAGTSFMMTPYVVTRYYRAPEVILGMGYKENV--------,8,0,1,DLKPSNIVVKSDCTLKILDFGLARTAGTSFMMTPYVVTRYYRAPEVILGMGYKENV,26,28,0.9285714285714286,3,7,4_0,56,DLKPSNIVVKSDCTLKILDFGLARTAGTSFMMTPYVVTRYYRAPEVILGMGYKENV
8,ENSE00003598073_SE_19,GATTTAAAACCAAGTAACATTGTAGTCAAGTCTGATTGCACATTGAAAATCCTGGACTTTGGACTGGCCAGGACAGCAGGCACAAGCTTCATGATGACTCCATATGTGGTGACACGTTATTACAGAGCCCCTGAGGTCATCCTGGGGATGGGCTACAAGGAGAACG,ENSE00003598073_SE_19,86101217,86101052,19,ENSG00000109339,ENST00000641952,ENSP00000493013,-1,8,ENST00000641051/ENST00000641066/ENST00000641157/ENST00000641207/ENST00000641341/ENST00000641462/ENST00000641647/ENST00000641823/ENST00000641902/ENST00000641952/ENST00000641983,ENSE00003598073,ENSE00003598073,4,ENSMUSE00000723279,100.0,85.9375,DLKPSNIVVKSDCTLKILDFGLARTAGTSFMMTPYVVTRYYRAPEVILGMGYKENGRDGSGTSI,DLKPSNIVVKSDCTLKILDFGLARTAGTSFMMTPYVVTRYYRAPEVILGMGYKENV--------,8,0,1,DLKPSNIVVKSDCTLKILDFGLARTAGTSFMMTPYVVTRYYRAPEVILGMGYKENV,26,28,0.9285714285714286,3,8,4_0,56,DLKPSNIVVKSDCTLKILDFGLARTAGTSFMMTPYVVTRYYRAPEVILGMGYKENV
9,ENSE00003598073_SE_19,GATTTAAAACCAAGTAACATTGTAGTCAAGTCTGATTGCACATTGAAAATCCTGGACTTTGGACTGGCCAGGACAGCAGGCACAAGCTTCATGATGACTCCATATGTGGTGACACGTTATTACAGAGCCCCTGAGGTCATCCTGGGGATGGGCTACAAGGAGAACG,ENSE00003598073_SE_19,86101217,86101052,19,ENSG00000109339,ENST00000641954,ENSP00000493310,-1,8,ENST00000641954,ENSE00003598073,ENSE00003598073,4,ENSMUSE00000723279,100.0,85.9375,DLKPSNIVVKSDCTLKILDFGLARTAGTSFMMTPYVVTRYYRAPEVILGMGYKENGRDGSGTSI,DLKPSNIVVKSDCTLKILDFGLARTAGTSFMMTPYVVTRYYRAPEVILGMGYKENV--------,8,0,1,DLKPSNIVVKSDCTLKILDFGLARTAGTSFMMTPYVVTRYYRAPEVILGMGYKENV,26,28,0.9285714285714286,3,9,4_0,56,DLKPSNIVVKSDCTLKILDFGLARTAGTSFMMTPYVVTRYYRAPEVILGMGYKENV
10,ENSE00003598073_SE_19,GATTTAAAACCAAGTAACATTGTAGTCAAGTCTGATTGCACATTGAAAATCCTGGACTTTGGACTGGCCAGGACAGCAGGCACAAGCTTCATGATGACTCCATATGTGGTGACACGTTATTACAGAGCCCCTGAGGTCATCCTGGGGATGGGCTACAAGGAGAACG,ENSE00003598073_SE_19,86101217,86101052,19,ENSG00000109339,ENST00000642013,ENSP00000492904,-1,7,ENST00000642013,ENSE00003598073,ENSE00003598073,4,ENSMUSE00000723279,100.0,85.9375,DLKPSNIVVKSDCTLKILDFGLARTAGTSFMMTPYVVTRYYRAPEVILGMGYKENGRDGSGTSI,DLKPSNIVVKSDCTLKILDFGLARTAGTSFMMTPYVVTRYYRAPEVILGMGYKENV--------,8,0,1,DLKPSNIVVKSDCTLKILDFGLARTAGTSFMMTPYVVTRYYRAPEVILGMGYKENV,26,28,0.9285714285714286,3,10,4_0,56,DLKPSNIVVKSDCTLKILDFGLARTAGTSFMMTPYVVTRYYRAPEVILGMGYKENV
11,ENSMUSE00000723279_SE_9,GACTTAAAACCCAGTAACATTGTAGTCAAGTCTGATTGCACACTGAAAATCCTCGACTTCGGACTGGCCAGGACAGCGGGTACAAGCTTCATGATGACTCCGTATGTGGTGACGCGATATTACAGAGCCCCTGAGGTCATCCTGGGCATGGGCTACAAGGAGAACG,ENSMUSE00000723279_SE_9/ENSMUSE00001309192_SE_9,103137651,103137486,9,ENSMUSG00000046709,ENSMUST00000086854,ENSMUSP00000084065,-1,6,ENSMUST00000086854,ENSMUSE00001309192,ENSMUSE00001309192,4,ENSMUSE00000723279,100.0,85.9375,DLKPSNIVVKSDCTLKILDFGLARTAGTSFMMTPYVVTRYYRAPEVILGMGYKENGRDGSGTSI,DLKPSNIVVKSDCTLKILDFGLARTAGTSFMMTPYVVTRYYRAPEVILGMGYKENV--------,5,0,1,DLKPSNIVVKSDCTLKILDFGLARTAGTSFMMTPYVVTRYYRAPEVILGMGYKENV,7,7,1.0,0,11,4_0,56,DLKPSNIVVKSDCTLKILDFGLARTAGTSFMMTPYVVTRYYRAPEVILGMGYKENV
12,ENSMUSE00000723279_SE_9,GACTTAAAACCCAGTAACATTGTAGTCAAGTCTGATTGCACACTGAAAATCCTCGACTTCGGACTGGCCAGGACAGCGGGTACAAGCTTCATGATGACTCCGTATGTGGTGACGCGATATTACAGAGCCCCTGAGGTCATCCTGGGCATGGGCTACAAGGAGAACG,ENSMUSE00000723279_SE_9/ENSMUSE00001309192_SE_9,103137651,103137486,9,ENSMUSG00000046709,ENSMUST00000112846,ENSMUSP00000108467,-1,8,ENSMUST00000112846,ENSMUSE00001309192,ENSMUSE00001309192,4,ENSMUSE00000723279,100.0,85.9375,DLKPSNIVVKSDCTLKILDFGLARTAGTSFMMTPYVVTRYYRAPEVILGMGYKENGRDGSGTSI,DLKPSNIVVKSDCTLKILDFGLARTAGTSFMMTPYVVTRYYRAPEVILGMGYKENV--------,5,0,1,DLKPSNIVVKSDCTLKILDFGLARTAGTSFMMTPYVVTRYYRAPEVILGMGYKENV,7,7,1.0,0,12,4_0,56,DLKPSNIVVKSDCTLKILDFGLARTAGTSFMMTPYVVTRYYRAPEVILGMGYKENV
13,ENSMUSE00000723279_SE_9,GACTTAAAACCCAGTAACATTGTAGTCAAGTCTGATTGCACACTGAAAATCCTCGACTTCGGACTGGCCAGGACAGCGGGTACAAGCTTCATGATGACTCCGTATGTGGTGACGCGATATTACAGAGCCCCTGAGGTCATCCTGGGCATGGGCTACAAGGAGAACG,ENSMUSE00000723279_SE_9/ENSMUSE00001309192_SE_9,103137651,103137486,9,ENSMUSG00000046709,ENSMUST00000112847,ENSMUSP00000108468,-1,8,ENSMUST00000112847/ENSMUST00000170792,ENSMUSE00001309192,ENSMUSE00001309192,4,ENSMUSE00000723279,100.0,85.9375,DLKPSNIVVKSDCTLKILDFGLARTAGTSFMMTPYVVTRYYRAPEVILGMGYKENGRDGSGTSI,DLKPSNIVVKSDCTLKILDFGLARTAGTSFMMTPYVVTRYYRAPEVILGMGYKENV--------,5,0,1,DLKPSNIVVKSDCTLKILDFGLARTAGTSFMMTPYVVTRYYRAPEVILGMGYKENV,7,7,1.0,0,13,4_0,56,DLKPSNIVVKSDCTLKILDFGLARTAGTSFMMTPYVVTRYYRAPEVILGMGYKENV
14,ENSMUSE00000723279_SE_9,GACTTAAAACCCAGTAACATTGTAGTCAAGTCTGATTGCACACTGAAAATCCTCGACTTCGGACTGGCCAGGACAGCGGGTACAAGCTTCATGATGACTCCGTATGTGGTGACGCGATATTACAGAGCCCCTGAGGTCATCCTGGGCATGGGCTACAAGGAGAACG,ENSMUSE00000723279_SE_9/ENSMUSE00001309192_SE_9,103137651,103137486,9,ENSMUSG00000046709,ENSMUST00000238446,ENSMUSP00000158744,-1,8,ENSMUST00000238446,ENSMUSE00001309192,ENSMUSE00001309192,4,ENSMUSE00000723279,100.0,85.9375,DLKPSNIVVKSDCTLKILDFGLARTAGTSFMMTPYVVTRYYRAPEVILGMGYKENGRDGSGTSI,DLKPSNIVVKSDCTLKILDFGLARTAGTSFMMTPYVVTRYYRAPEVILGMGYKENV--------,5,0,1,DLKPSNIVVKSDCTLKILDFGLARTAGTSFMMTPYVVTRYYRAPEVILGMGYKENV,7,7,1.0,0,14,4_0,56,DLKPSNIVVKSDCTLKILDFGLARTAGTSFMMTPYVVTRYYRAPEVILGMGYKENV
15,ENSMUSE00000723279_SE_8,GTAGGGATGGTTCTGGAACATCGATATAG,ENSMUSE00000723279_SE_8,103137485,103137457,8,ENSMUSG00000046709,ENSMUST00000128869,ENSMUSP00000143448,-1,5,ENSMUST00000128869,ENSMUSE00000723279,ENSMUSE00000723279/ENSMUSE00000816453,4,ENSMUSE00000723279,,,,,5,1,0,RDGSGTSI*,2,7,0.2857142857142857,1,15,4_1,8,RDGSGTSI
16,ENSTRUE00000221868_SE_19,GACCTCAAACCGAGCAACATAGTGGTAAAGTCGGACTGCACCCTGAAAATCCTGGACTTTGGCCTGGCTCGGACTGCAGGCACCAGCTTCATGATGACCCCCTACGTGGTGACGAGATACTACAGAGCCCCAGAGGTGATCCTCGGCATGGGCTACAAGGAGAACG,ENSTRUE00000221868_SE_19/ENSTRUE00000491207_SE_19,5727137,5726972,19,ENSTRUG00000013056,ENSTRUT00000033253,ENSTRUP00000033127,-1,7,ENSTRUT00000033253,ENSTRUE00000221868,ENSTRUE00000221868,4,ENSMUSE00000723279,100.0,85.9375,DLKPSNIVVKSDCTLKILDFGLARTAGTSFMMTPYVVTRYYRAPEVILGMGYKENGRDGSGTSI,DLKPSNIVVKSDCTLKILDFGLARTAGTSFMMTPYVVTRYYRAPEVILGMGYKENV--------,4,0,1,DLKPSNIVVKSDCTLKILDFGLARTAGTSFMMTPYVVTRYYRAPEVILGMGYKENV,10,10,1.0,4,16,4_0,56,DLKPSNIVVKSDCTLKILDFGLARTAGTSFMMTPYVVTRYYRAPEVILGMGYKENV
17,ENSTRUE00000221868_SE_19,GACCTCAAACCGAGCAACATAGTGGTAAAGTCGGACTGCACCCTGAAAATCCTGGACTTTGGCCTGGCTCGGACTGCAGGCACCAGCTTCATGATGACCCCCTACGTGGTGACGAGATACTACAGAGCCCCAGAGGTGATCCTCGGCATGGGCTACAAGGAGAACG,ENSTRUE00000221868_SE_19/ENSTRUE00000491207_SE_19,5727137,5726972,19,ENSTRUG00000013056,ENSTRUT00000085018,ENSTRUP00000077510,-1,7,ENSTRUT00000085018,ENSTRUE00000221868,ENSTRUE00000221868,4,ENSMUSE00000723279,100.0,85.9375,DLKPSNIVVKSDCTLKILDFGLARTAGTSFMMTPYVVTRYYRAPEVILGMGYKENGRDGSGTSI,DLKPSNIVVKSDCTLKILDFGLARTAGTSFMMTPYVVTRYYRAPEVILGMGYKENV--------,4,0,1,DLKPSNIVVKSDCTLKILDFGLARTAGTSFMMTPYVVTRYYRAPEVILGMGYKENV,10,10,1.0,4,17,4_0,56,DLKPSNIVVKSDCTLKILDFGLARTAGTSFMMTPYVVTRYYRAPEVILGMGYKENV
18,ENSTRUE00000491207_SE_18,GTGAGATTGT,ENSTRUE00000491207_SE_18,5726971,5726962,18,ENSTRUG00000013056,ENSTRUT00000061332,ENSTRUP00000074468,-1,7,ENSTRUT00000061332,ENSTRUE00000491207,ENSTRUE00000491207,4,ENSMUSE00000723279,100.0,87.5,DLKPSNIVVKSDCTLKILDFGLARTAGTSFMMTPYVVTRYYRAPEVILGMGYKENGRDGSGTSI,DLKPSNIVVKSDCTLKILDFGLARTAGTSFMMTPYVVTRYYRAPEVILGMGYKENGEIV-----,5,1,2,EIV,1,10,0.1,5,18,4_2,3,EIV
19,ENSXETE00000358460_SE_11,GATCTAAAGCCAAGTAATATTGTTGTGAAGTCGGATTGCACATTGAAGATCCTTGACTTTGGATTGGCAAGGACAGCTGGTACTAGTTTCATGATGACTCCTTATGTAGTTACCCGTTACTACAGAGCTCCAGAAGTTATACTTGGGATGGGATACAAAGAGAATG,ENSXETE00000358460_SE_11,87063644,87063479,11,ENSXETG00000006199,ENSXETT00000064743,ENSXETP00000063747,-1,6,ENSXETT00000064743,ENSXETE00000358460,ENSXETE00000358460,4,ENSMUSE00000723279,100.0,85.9375,DLKPSNIVVKSDCTLKILDFGLARTAGTSFMMTPYVVTRYYRAPEVILGMGYKENGRDGSGTSI,DLKPSNIVVKSDCTLKILDFGLARTAGTSFMMTPYVVTRYYRAPEVILGMGYKENV--------,6,0,1,DLKPSNIVVKSDCTLKILDFGLARTAGTSFMMTPYVVTRYYRAPEVILGMGYKENV,8,8,1.0,2,19,4_0,56,DLKPSNIVVKSDCTLKILDFGLARTAGTSFMMTPYVVTRYYRAPEVILGMGYKENV
20,ENSXETE00000358460_SE_11,GATCTAAAGCCAAGTAATATTGTTGTGAAGTCGGATTGCACATTGAAGATCCTTGACTTTGGATTGGCAAGGACAGCTGGTACTAGTTTCATGATGACTCCTTATGTAGTTACCCGTTACTACAGAGCTCCAGAAGTTATACTTGGGATGGGATACAAAGAGAATG,ENSXETE00000358460_SE_11,87063644,87063479,11,ENSXETG00000006199,ENSXETT00000090005,ENSXETP00000100364,-1,8,ENSXETT00000090005,ENSXETE00000358460,ENSXETE00000358460,4,ENSMUSE00000723279,100.0,85.9375,DLKPSNIVVKSDCTLKILDFGLARTAGTSFMMTPYVVTRYYRAPEVILGMGYKENGRDGSGTSI,DLKPSNIVVKSDCTLKILDFGLARTAGTSFMMTPYVVTRYYRAPEVILGMGYKENV--------,6,0,1,DLKPSNIVVKSDCTLKILDFGLARTAGTSFMMTPYVVTRYYRAPEVILGMGYKENV,8,8,1.0,2,20,4_0,56,DLKPSNIVVKSDCTLKILDFGLARTAGTSFMMTPYVVTRYYRAPEVILGMGYKENV
